2992,,,Median,811,Mode,693
958,,,Std Dev,904.4050315,,
1327,,,Min,594,,
708,,,Max,23983,,
839,,,Average,1032.74107,,
685,,,90%,1533.2,,
1189,,,99%,3247.54,,
809,,,RPS (Logins completed per second),4,,
729,,,# of requests took longer than 2 seconds,4.50%,321 Requests,
772,,,# of requests took longer than 3 seconds,1.20%,89 Requests,
1332,,,#  of requests took longer than 4 seconds,0.60%,42 Requests,
835,,,,,,
1441,,,,,,
688,,,,,,
783,,,,,,
761,,,,,,
1084,,,,,,
737,,,,,,
1373,,,,,,
1104,,,,,,
1532,,,,,,
1368,,,,,,
686,,,,,,
1040,,,,,,
768,,,,,,
711,,,,,,
761,,,,,,
815,,,,,,
793,,,,,,
1441,,,,,,
1185,,,,,,
684,,,,,,
1106,,,,,,
694,,,,,,
1161,,,,,,
1708,,,,,,
1102,,,,,,
1437,,,,,,
707,,,,,,
699,,,,,,
1058,,,,,,
2428,,,,,,
814,,,,,,
699,,,,,,
700,,,,,,
755,,,,,,
963,,,,,,
725,,,,,,
823,,,,,,
690,,,,,,
875,,,,,,
824,,,,,,
766,,,,,,
847,,,,,,
1184,,,,,,
1004,,,,,,
918,,,,,,
2348,,,,,,
932,,,,,,
750,,,,,,
754,,,,,,
4313,,,,,,
1746,,,,,,
1167,,,,,,
705,,,,,,
876,,,,,,
2738,,,,,,
988,,,,,,
689,,,,,,
743,,,,,,
842,,,,,,
676,,,,,,
884,,,,,,
846,,,,,,
1195,,,,,,
3367,,,,,,
937,,,,,,
4717,,,,,,
2525,,,,,,
2192,,,,,,
700,,,,,,
708,,,,,,
1651,,,,,,
709,,,,,,
759,,,,,,
776,,,,,,
1114,,,,,,
2095,,,,,,
799,,,,,,
1210,,,,,,
690,,,,,,
1047,,,,,,
752,,,,,,
679,,,,,,
811,,,,,,
919,,,,,,
772,,,,,,
1089,,,,,,
662,,,,,,
668,,,,,,
698,,,,,,
854,,,,,,
663,,,,,,
786,,,,,,
645,,,,,,
841,,,,,,
936,,,,,,
736,,,,,,
1877,,,,,,
2351,,,,,,
809,,,,,,
821,,,,,,
896,,,,,,
708,,,,,,
676,,,,,,
794,,,,,,
1161,,,,,,
928,,,,,,
716,,,,,,
994,,,,,,
890,,,,,,
1137,,,,,,
713,,,,,,
697,,,,,,
2281,,,,,,
775,,,,,,
968,,,,,,
1143,,,,,,
1159,,,,,,
725,,,,,,
1635,,,,,,
774,,,,,,
1154,,,,,,
1043,,,,,,
711,,,,,,
779,,,,,,
1302,,,,,,
1421,,,,,,
1705,,,,,,
669,,,,,,
2849,,,,,,
1956,,,,,,
1035,,,,,,
732,,,,,,
1597,,,,,,
1491,,,,,,
776,,,,,,
3231,,,,,,
4567,,,,,,
646,,,,,,
887,,,,,,
1163,,,,,,
1120,,,,,,
815,,,,,,
847,,,,,,
1259,,,,,,
990,,,,,,
1302,,,,,,
711,,,,,,
723,,,,,,
1174,,,,,,
664,,,,,,
957,,,,,,
2268,,,,,,
789,,,,,,
1771,,,,,,
694,,,,,,
1132,,,,,,
914,,,,,,
1019,,,,,,
788,,,,,,
734,,,,,,
779,,,,,,
1114,,,,,,
758,,,,,,
1158,,,,,,
743,,,,,,
854,,,,,,
734,,,,,,
743,,,,,,
677,,,,,,
691,,,,,,
700,,,,,,
1628,,,,,,
2238,,,,,,
3061,,,,,,
774,,,,,,
1194,,,,,,
634,,,,,,
743,,,,,,
950,,,,,,
940,,,,,,
1864,,,,,,
712,,,,,,
686,,,,,,
936,,,,,,
1148,,,,,,
726,,,,,,
738,,,,,,
1450,,,,,,
823,,,,,,
807,,,,,,
708,,,,,,
653,,,,,,
1758,,,,,,
808,,,,,,
641,,,,,,
712,,,,,,
876,,,,,,
656,,,,,,
673,,,,,,
1045,,,,,,
695,,,,,,
1752,,,,,,
724,,,,,,
1012,,,,,,
1370,,,,,,
680,,,,,,
657,,,,,,
662,,,,,,
716,,,,,,
1075,,,,,,
681,,,,,,
979,,,,,,
748,,,,,,
827,,,,,,
698,,,,,,
777,,,,,,
772,,,,,,
716,,,,,,
1079,,,,,,
722,,,,,,
742,,,,,,
651,,,,,,
862,,,,,,
722,,,,,,
829,,,,,,
661,,,,,,
989,,,,,,
679,,,,,,
703,,,,,,
713,,,,,,
758,,,,,,
702,,,,,,
854,,,,,,
714,,,,,,
818,,,,,,
812,,,,,,
657,,,,,,
724,,,,,,
657,,,,,,
749,,,,,,
685,,,,,,
707,,,,,,
695,,,,,,
696,,,,,,
1031,,,,,,
705,,,,,,
1046,,,,,,
754,,,,,,
760,,,,,,
707,,,,,,
1064,,,,,,
639,,,,,,
727,,,,,,
740,,,,,,
1005,,,,,,
985,,,,,,
752,,,,,,
737,,,,,,
711,,,,,,
1233,,,,,,
825,,,,,,
979,,,,,,
944,,,,,,
789,,,,,,
717,,,,,,
722,,,,,,
698,,,,,,
765,,,,,,
774,,,,,,
701,,,,,,
906,,,,,,
726,,,,,,
785,,,,,,
725,,,,,,
759,,,,,,
718,,,,,,
822,,,,,,
692,,,,,,
672,,,,,,
665,,,,,,
648,,,,,,
833,,,,,,
894,,,,,,
1474,,,,,,
1051,,,,,,
682,,,,,,
777,,,,,,
797,,,,,,
720,,,,,,
697,,,,,,
750,,,,,,
1207,,,,,,
1046,,,,,,
933,,,,,,
748,,,,,,
668,,,,,,
966,,,,,,
721,,,,,,
717,,,,,,
762,,,,,,
875,,,,,,
702,,,,,,
710,,,,,,
1470,,,,,,
719,,,,,,
796,,,,,,
727,,,,,,
686,,,,,,
693,,,,,,
1241,,,,,,
677,,,,,,
792,,,,,,
1491,,,,,,
700,,,,,,
703,,,,,,
733,,,,,,
723,,,,,,
740,,,,,,
845,,,,,,
777,,,,,,
703,,,,,,
727,,,,,,
711,,,,,,
886,,,,,,
791,,,,,,
746,,,,,,
694,,,,,,
670,,,,,,
794,,,,,,
691,,,,,,
770,,,,,,
1181,,,,,,
747,,,,,,
650,,,,,,
689,,,,,,
728,,,,,,
854,,,,,,
773,,,,,,
834,,,,,,
685,,,,,,
1102,,,,,,
812,,,,,,
1335,,,,,,
679,,,,,,
634,,,,,,
1440,,,,,,
693,,,,,,
672,,,,,,
727,,,,,,
1126,,,,,,
832,,,,,,
900,,,,,,
794,,,,,,
740,,,,,,
849,,,,,,
721,,,,,,
874,,,,,,
749,,,,,,
930,,,,,,
788,,,,,,
742,,,,,,
898,,,,,,
1058,,,,,,
771,,,,,,
673,,,,,,
778,,,,,,
1044,,,,,,
772,,,,,,
1149,,,,,,
699,,,,,,
1144,,,,,,
828,,,,,,
777,,,,,,
770,,,,,,
868,,,,,,
1109,,,,,,
859,,,,,,
922,,,,,,
1251,,,,,,
1106,,,,,,
789,,,,,,
733,,,,,,
1147,,,,,,
810,,,,,,
764,,,,,,
1442,,,,,,
709,,,,,,
828,,,,,,
1218,,,,,,
1174,,,,,,
751,,,,,,
919,,,,,,
1342,,,,,,
742,,,,,,
885,,,,,,
1188,,,,,,
1425,,,,,,
1104,,,,,,
1737,,,,,,
706,,,,,,
663,,,,,,
1843,,,,,,
852,,,,,,
1653,,,,,,
785,,,,,,
1201,,,,,,
775,,,,,,
1058,,,,,,
1773,,,,,,
736,,,,,,
1204,,,,,,
3026,,,,,,
3132,,,,,,
705,,,,,,
706,,,,,,
1214,,,,,,
2501,,,,,,
717,,,,,,
2696,,,,,,
1371,,,,,,
677,,,,,,
670,,,,,,
692,,,,,,
1067,,,,,,
793,,,,,,
796,,,,,,
761,,,,,,
845,,,,,,
1459,,,,,,
921,,,,,,
1406,,,,,,
3129,,,,,,
710,,,,,,
671,,,,,,
2783,,,,,,
1179,,,,,,
886,,,,,,
687,,,,,,
976,,,,,,
1591,,,,,,
1425,,,,,,
2137,,,,,,
1185,,,,,,
1579,,,,,,
1227,,,,,,
1676,,,,,,
1060,,,,,,
3213,,,,,,
853,,,,,,
844,,,,,,
2104,,,,,,
738,,,,,,
1788,,,,,,
683,,,,,,
1031,,,,,,
2012,,,,,,
912,,,,,,
1138,,,,,,
816,,,,,,
643,,,,,,
1115,,,,,,
1385,,,,,,
662,,,,,,
791,,,,,,
895,,,,,,
711,,,,,,
1602,,,,,,
863,,,,,,
721,,,,,,
772,,,,,,
849,,,,,,
1575,,,,,,
3923,,,,,,
834,,,,,,
781,,,,,,
678,,,,,,
749,,,,,,
706,,,,,,
3623,,,,,,
763,,,,,,
776,,,,,,
1540,,,,,,
677,,,,,,
673,,,,,,
1113,,,,,,
872,,,,,,
881,,,,,,
1159,,,,,,
1276,,,,,,
1939,,,,,,
1545,,,,,,
836,,,,,,
1923,,,,,,
668,,,,,,
1411,,,,,,
751,,,,,,
778,,,,,,
833,,,,,,
710,,,,,,
926,,,,,,
1234,,,,,,
795,,,,,,
791,,,,,,
776,,,,,,
1114,,,,,,
796,,,,,,
839,,,,,,
837,,,,,,
787,,,,,,
1165,,,,,,
792,,,,,,
1989,,,,,,
810,,,,,,
687,,,,,,
749,,,,,,
639,,,,,,
1176,,,,,,
664,,,,,,
783,,,,,,
2007,,,,,,
929,,,,,,
715,,,,,,
1336,,,,,,
1782,,,,,,
969,,,,,,
778,,,,,,
770,,,,,,
1123,,,,,,
1177,,,,,,
3298,,,,,,
1221,,,,,,
1206,,,,,,
1049,,,,,,
1093,,,,,,
654,,,,,,
1466,,,,,,
922,,,,,,
1052,,,,,,
1712,,,,,,
1184,,,,,,
923,,,,,,
1088,,,,,,
2152,,,,,,
1008,,,,,,
1173,,,,,,
676,,,,,,
1317,,,,,,
1158,,,,,,
1073,,,,,,
1037,,,,,,
1143,,,,,,
678,,,,,,
1278,,,,,,
942,,,,,,
702,,,,,,
857,,,,,,
639,,,,,,
916,,,,,,
1235,,,,,,
969,,,,,,
838,,,,,,
1348,,,,,,
2276,,,,,,
818,,,,,,
1098,,,,,,
1056,,,,,,
1530,,,,,,
1750,,,,,,
1124,,,,,,
1310,,,,,,
1323,,,,,,
1058,,,,,,
1414,,,,,,
1038,,,,,,
1040,,,,,,
841,,,,,,
1146,,,,,,
1227,,,,,,
1010,,,,,,
1010,,,,,,
827,,,,,,
660,,,,,,
717,,,,,,
677,,,,,,
820,,,,,,
766,,,,,,
1003,,,,,,
2088,,,,,,
868,,,,,,
941,,,,,,
756,,,,,,
1263,,,,,,
917,,,,,,
735,,,,,,
943,,,,,,
1513,,,,,,
843,,,,,,
1067,,,,,,
770,,,,,,
1556,,,,,,
1196,,,,,,
1431,,,,,,
727,,,,,,
659,,,,,,
718,,,,,,
680,,,,,,
1113,,,,,,
851,,,,,,
2004,,,,,,
706,,,,,,
803,,,,,,
960,,,,,,
699,,,,,,
999,,,,,,
798,,,,,,
822,,,,,,
1012,,,,,,
980,,,,,,
690,,,,,,
721,,,,,,
918,,,,,,
1395,,,,,,
1070,,,,,,
762,,,,,,
1114,,,,,,
757,,,,,,
920,,,,,,
696,,,,,,
856,,,,,,
941,,,,,,
919,,,,,,
689,,,,,,
921,,,,,,
899,,,,,,
965,,,,,,
957,,,,,,
795,,,,,,
877,,,,,,
716,,,,,,
1779,,,,,,
1037,,,,,,
982,,,,,,
1260,,,,,,
1150,,,,,,
1385,,,,,,
819,,,,,,
748,,,,,,
717,,,,,,
1222,,,,,,
1091,,,,,,
709,,,,,,
773,,,,,,
1433,,,,,,
716,,,,,,
687,,,,,,
751,,,,,,
768,,,,,,
749,,,,,,
849,,,,,,
1112,,,,,,
1076,,,,,,
1141,,,,,,
1018,,,,,,
904,,,,,,
889,,,,,,
850,,,,,,
1239,,,,,,
696,,,,,,
1241,,,,,,
898,,,,,,
1003,,,,,,
1006,,,,,,
707,,,,,,
681,,,,,,
717,,,,,,
872,,,,,,
3347,,,,,,
691,,,,,,
1778,,,,,,
669,,,,,,
944,,,,,,
687,,,,,,
643,,,,,,
689,,,,,,
1383,,,,,,
1042,,,,,,
689,,,,,,
1200,,,,,,
736,,,,,,
988,,,,,,
1261,,,,,,
694,,,,,,
796,,,,,,
894,,,,,,
1141,,,,,,
1240,,,,,,
864,,,,,,
1117,,,,,,
725,,,,,,
788,,,,,,
839,,,,,,
733,,,,,,
961,,,,,,
2031,,,,,,
1162,,,,,,
1222,,,,,,
1147,,,,,,
771,,,,,,
1564,,,,,,
1283,,,,,,
802,,,,,,
726,,,,,,
781,,,,,,
918,,,,,,
1570,,,,,,
1029,,,,,,
984,,,,,,
1399,,,,,,
1740,,,,,,
1003,,,,,,
1496,,,,,,
886,,,,,,
687,,,,,,
1274,,,,,,
1552,,,,,,
1668,,,,,,
686,,,,,,
1046,,,,,,
676,,,,,,
1584,,,,,,
707,,,,,,
1395,,,,,,
739,,,,,,
1613,,,,,,
937,,,,,,
1083,,,,,,
2271,,,,,,
1411,,,,,,
1011,,,,,,
1656,,,,,,
668,,,,,,
699,,,,,,
774,,,,,,
795,,,,,,
1585,,,,,,
1068,,,,,,
1133,,,,,,
1053,,,,,,
763,,,,,,
1020,,,,,,
1859,,,,,,
1718,,,,,,
748,,,,,,
735,,,,,,
1212,,,,,,
1390,,,,,,
1636,,,,,,
706,,,,,,
959,,,,,,
814,,,,,,
1132,,,,,,
754,,,,,,
1679,,,,,,
953,,,,,,
928,,,,,,
762,,,,,,
1471,,,,,,
633,,,,,,
1044,,,,,,
1377,,,,,,
849,,,,,,
855,,,,,,
1095,,,,,,
659,,,,,,
708,,,,,,
931,,,,,,
651,,,,,,
995,,,,,,
755,,,,,,
711,,,,,,
885,,,,,,
1220,,,,,,
1821,,,,,,
1883,,,,,,
1312,,,,,,
676,,,,,,
703,,,,,,
816,,,,,,
876,,,,,,
833,,,,,,
790,,,,,,
648,,,,,,
868,,,,,,
1069,,,,,,
739,,,,,,
1078,,,,,,
1132,,,,,,
741,,,,,,
1127,,,,,,
2432,,,,,,
1104,,,,,,
800,,,,,,
1270,,,,,,
663,,,,,,
1132,,,,,,
718,,,,,,
810,,,,,,
757,,,,,,
679,,,,,,
640,,,,,,
1833,,,,,,
730,,,,,,
1076,,,,,,
2140,,,,,,
1015,,,,,,
691,,,,,,
1126,,,,,,
1449,,,,,,
628,,,,,,
1175,,,,,,
807,,,,,,
1713,,,,,,
866,,,,,,
1257,,,,,,
1635,,,,,,
3690,,,,,,
2885,,,,,,
682,,,,,,
1395,,,,,,
1053,,,,,,
1120,,,,,,
881,,,,,,
1487,,,,,,
2114,,,,,,
732,,,,,,
725,,,,,,
1753,,,,,,
909,,,,,,
852,,,,,,
963,,,,,,
1605,,,,,,
705,,,,,,
1947,,,,,,
947,,,,,,
792,,,,,,
3863,,,,,,
2509,,,,,,
1923,,,,,,
2877,,,,,,
2393,,,,,,
9381,,,,,,
23693,,,,,,
5942,,,,,,
12758,,,,,,
15956,,,,,,
818,,,,,,
1166,,,,,,
2391,,,,,,
1401,,,,,,
651,,,,,,
634,,,,,,
674,,,,,,
882,,,,,,
719,,,,,,
1052,,,,,,
1231,,,,,,
1092,,,,,,
919,,,,,,
699,,,,,,
727,,,,,,
1669,,,,,,
1114,,,,,,
865,,,,,,
789,,,,,,
830,,,,,,
1160,,,,,,
1492,,,,,,
675,,,,,,
643,,,,,,
799,,,,,,
631,,,,,,
716,,,,,,
693,,,,,,
1402,,,,,,
656,,,,,,
662,,,,,,
631,,,,,,
2774,,,,,,
670,,,,,,
1423,,,,,,
643,,,,,,
736,,,,,,
821,,,,,,
808,,,,,,
631,,,,,,
1012,,,,,,
883,,,,,,
1323,,,,,,
816,,,,,,
935,,,,,,
1039,,,,,,
1033,,,,,,
643,,,,,,
696,,,,,,
676,,,,,,
1577,,,,,,
629,,,,,,
708,,,,,,
756,,,,,,
1118,,,,,,
861,,,,,,
828,,,,,,
1381,,,,,,
695,,,,,,
707,,,,,,
998,,,,,,
907,,,,,,
693,,,,,,
679,,,,,,
1426,,,,,,
955,,,,,,
802,,,,,,
1095,,,,,,
842,,,,,,
777,,,,,,
630,,,,,,
701,,,,,,
843,,,,,,
705,,,,,,
1338,,,,,,
1408,,,,,,
816,,,,,,
697,,,,,,
851,,,,,,
4125,,,,,,
1080,,,,,,
1028,,,,,,
1753,,,,,,
727,,,,,,
796,,,,,,
661,,,,,,
1048,,,,,,
810,,,,,,
1277,,,,,,
824,,,,,,
1025,,,,,,
692,,,,,,
631,,,,,,
716,,,,,,
820,,,,,,
798,,,,,,
830,,,,,,
931,,,,,,
696,,,,,,
680,,,,,,
1107,,,,,,
744,,,,,,
691,,,,,,
766,,,,,,
647,,,,,,
694,,,,,,
660,,,,,,
1171,,,,,,
655,,,,,,
655,,,,,,
672,,,,,,
714,,,,,,
748,,,,,,
1376,,,,,,
797,,,,,,
699,,,,,,
1047,,,,,,
2571,,,,,,
674,,,,,,
1516,,,,,,
994,,,,,,
1224,,,,,,
2443,,,,,,
12654,,,,,,
680,,,,,,
1165,,,,,,
673,,,,,,
866,,,,,,
635,,,,,,
768,,,,,,
661,,,,,,
2044,,,,,,
678,,,,,,
1106,,,,,,
653,,,,,,
638,,,,,,
652,,,,,,
664,,,,,,
784,,,,,,
667,,,,,,
990,,,,,,
639,,,,,,
2124,,,,,,
616,,,,,,
664,,,,,,
1397,,,,,,
1423,,,,,,
677,,,,,,
838,,,,,,
1139,,,,,,
772,,,,,,
685,,,,,,
799,,,,,,
2906,,,,,,
1114,,,,,,
619,,,,,,
1063,,,,,,
647,,,,,,
711,,,,,,
5278,,,,,,
1186,,,,,,
2181,,,,,,
1133,,,,,,
797,,,,,,
674,,,,,,
1175,,,,,,
915,,,,,,
705,,,,,,
1323,,,,,,
1782,,,,,,
1769,,,,,,
1910,,,,,,
1044,,,,,,
740,,,,,,
687,,,,,,
843,,,,,,
1543,,,,,,
792,,,,,,
1071,,,,,,
1707,,,,,,
2033,,,,,,
648,,,,,,
1955,,,,,,
1439,,,,,,
652,,,,,,
801,,,,,,
1322,,,,,,
724,,,,,,
673,,,,,,
648,,,,,,
631,,,,,,
2701,,,,,,
1094,,,,,,
2313,,,,,,
642,,,,,,
691,,,,,,
820,,,,,,
672,,,,,,
751,,,,,,
664,,,,,,
688,,,,,,
2037,,,,,,
615,,,,,,
1628,,,,,,
656,,,,,,
648,,,,,,
1447,,,,,,
1046,,,,,,
706,,,,,,
703,,,,,,
876,,,,,,
637,,,,,,
969,,,,,,
2766,,,,,,
1396,,,,,,
975,,,,,,
754,,,,,,
1211,,,,,,
647,,,,,,
1146,,,,,,
713,,,,,,
712,,,,,,
620,,,,,,
614,,,,,,
663,,,,,,
712,,,,,,
1935,,,,,,
667,,,,,,
1038,,,,,,
935,,,,,,
2366,,,,,,
1306,,,,,,
1234,,,,,,
975,,,,,,
1276,,,,,,
645,,,,,,
998,,,,,,
807,,,,,,
1203,,,,,,
1016,,,,,,
2070,,,,,,
1401,,,,,,
717,,,,,,
1885,,,,,,
675,,,,,,
645,,,,,,
686,,,,,,
1474,,,,,,
627,,,,,,
914,,,,,,
1671,,,,,,
2072,,,,,,
864,,,,,,
698,,,,,,
1872,,,,,,
1106,,,,,,
820,,,,,,
696,,,,,,
743,,,,,,
778,,,,,,
1187,,,,,,
966,,,,,,
1085,,,,,,
1322,,,,,,
1155,,,,,,
2066,,,,,,
948,,,,,,
1110,,,,,,
2048,,,,,,
690,,,,,,
1711,,,,,,
700,,,,,,
1240,,,,,,
640,,,,,,
3047,,,,,,
723,,,,,,
1051,,,,,,
1064,,,,,,
1020,,,,,,
705,,,,,,
2349,,,,,,
855,,,,,,
721,,,,,,
1151,,,,,,
626,,,,,,
1118,,,,,,
1213,,,,,,
656,,,,,,
656,,,,,,
1024,,,,,,
688,,,,,,
699,,,,,,
680,,,,,,
1019,,,,,,
894,,,,,,
866,,,,,,
720,,,,,,
851,,,,,,
1398,,,,,,
1001,,,,,,
1139,,,,,,
862,,,,,,
758,,,,,,
1064,,,,,,
1144,,,,,,
803,,,,,,
673,,,,,,
812,,,,,,
758,,,,,,
876,,,,,,
691,,,,,,
739,,,,,,
750,,,,,,
701,,,,,,
792,,,,,,
699,,,,,,
1300,,,,,,
772,,,,,,
782,,,,,,
933,,,,,,
732,,,,,,
670,,,,,,
695,,,,,,
753,,,,,,
660,,,,,,
655,,,,,,
1073,,,,,,
704,,,,,,
1023,,,,,,
781,,,,,,
765,,,,,,
680,,,,,,
1023,,,,,,
810,,,,,,
761,,,,,,
779,,,,,,
674,,,,,,
703,,,,,,
1143,,,,,,
940,,,,,,
896,,,,,,
1097,,,,,,
1040,,,,,,
709,,,,,,
1038,,,,,,
872,,,,,,
1022,,,,,,
642,,,,,,
681,,,,,,
860,,,,,,
731,,,,,,
721,,,,,,
685,,,,,,
676,,,,,,
656,,,,,,
703,,,,,,
631,,,,,,
719,,,,,,
821,,,,,,
675,,,,,,
1076,,,,,,
762,,,,,,
692,,,,,,
668,,,,,,
721,,,,,,
1116,,,,,,
876,,,,,,
707,,,,,,
1014,,,,,,
656,,,,,,
794,,,,,,
702,,,,,,
710,,,,,,
876,,,,,,
760,,,,,,
695,,,,,,
746,,,,,,
685,,,,,,
687,,,,,,
681,,,,,,
905,,,,,,
1077,,,,,,
849,,,,,,
931,,,,,,
613,,,,,,
700,,,,,,
1198,,,,,,
832,,,,,,
1010,,,,,,
1056,,,,,,
698,,,,,,
849,,,,,,
686,,,,,,
799,,,,,,
686,,,,,,
997,,,,,,
704,,,,,,
673,,,,,,
748,,,,,,
1021,,,,,,
1140,,,,,,
669,,,,,,
911,,,,,,
1292,,,,,,
666,,,,,,
762,,,,,,
1029,,,,,,
762,,,,,,
631,,,,,,
840,,,,,,
723,,,,,,
836,,,,,,
686,,,,,,
796,,,,,,
759,,,,,,
703,,,,,,
737,,,,,,
680,,,,,,
666,,,,,,
1101,,,,,,
674,,,,,,
645,,,,,,
639,,,,,,
1032,,,,,,
1054,,,,,,
687,,,,,,
671,,,,,,
746,,,,,,
661,,,,,,
720,,,,,,
732,,,,,,
684,,,,,,
857,,,,,,
915,,,,,,
1151,,,,,,
734,,,,,,
726,,,,,,
675,,,,,,
750,,,,,,
791,,,,,,
796,,,,,,
699,,,,,,
762,,,,,,
1168,,,,,,
1113,,,,,,
696,,,,,,
656,,,,,,
664,,,,,,
1181,,,,,,
718,,,,,,
861,,,,,,
744,,,,,,
800,,,,,,
686,,,,,,
814,,,,,,
717,,,,,,
735,,,,,,
700,,,,,,
726,,,,,,
868,,,,,,
815,,,,,,
651,,,,,,
1029,,,,,,
822,,,,,,
817,,,,,,
694,,,,,,
875,,,,,,
708,,,,,,
729,,,,,,
712,,,,,,
1086,,,,,,
1003,,,,,,
941,,,,,,
1053,,,,,,
987,,,,,,
1008,,,,,,
943,,,,,,
784,,,,,,
1461,,,,,,
848,,,,,,
902,,,,,,
667,,,,,,
678,,,,,,
749,,,,,,
736,,,,,,
656,,,,,,
629,,,,,,
1110,,,,,,
732,,,,,,
1040,,,,,,
1160,,,,,,
1395,,,,,,
677,,,,,,
799,,,,,,
1042,,,,,,
879,,,,,,
1086,,,,,,
712,,,,,,
648,,,,,,
1474,,,,,,
772,,,,,,
1083,,,,,,
703,,,,,,
1688,,,,,,
670,,,,,,
717,,,,,,
781,,,,,,
802,,,,,,
1834,,,,,,
821,,,,,,
727,,,,,,
1395,,,,,,
1726,,,,,,
777,,,,,,
772,,,,,,
636,,,,,,
875,,,,,,
1529,,,,,,
2105,,,,,,
1119,,,,,,
1380,,,,,,
1769,,,,,,
1265,,,,,,
1053,,,,,,
670,,,,,,
1396,,,,,,
662,,,,,,
777,,,,,,
1762,,,,,,
2371,,,,,,
1145,,,,,,
703,,,,,,
772,,,,,,
1162,,,,,,
675,,,,,,
754,,,,,,
1170,,,,,,
744,,,,,,
1103,,,,,,
3177,,,,,,
836,,,,,,
1796,,,,,,
1255,,,,,,
854,,,,,,
780,,,,,,
1412,,,,,,
683,,,,,,
728,,,,,,
775,,,,,,
1182,,,,,,
741,,,,,,
1123,,,,,,
1141,,,,,,
1004,,,,,,
1635,,,,,,
724,,,,,,
1755,,,,,,
1033,,,,,,
769,,,,,,
1083,,,,,,
696,,,,,,
703,,,,,,
986,,,,,,
1106,,,,,,
747,,,,,,
1079,,,,,,
812,,,,,,
875,,,,,,
930,,,,,,
759,,,,,,
626,,,,,,
713,,,,,,
680,,,,,,
685,,,,,,
1219,,,,,,
1741,,,,,,
1362,,,,,,
1043,,,,,,
1024,,,,,,
1129,,,,,,
1107,,,,,,
1156,,,,,,
1520,,,,,,
1252,,,,,,
1199,,,,,,
962,,,,,,
1234,,,,,,
1063,,,,,,
1424,,,,,,
1228,,,,,,
721,,,,,,
730,,,,,,
668,,,,,,
787,,,,,,
766,,,,,,
1833,,,,,,
750,,,,,,
699,,,,,,
716,,,,,,
799,,,,,,
845,,,,,,
803,,,,,,
734,,,,,,
667,,,,,,
663,,,,,,
1143,,,,,,
738,,,,,,
745,,,,,,
968,,,,,,
2180,,,,,,
1800,,,,,,
1007,,,,,,
2665,,,,,,
1139,,,,,,
695,,,,,,
1276,,,,,,
726,,,,,,
1069,,,,,,
1845,,,,,,
788,,,,,,
710,,,,,,
690,,,,,,
644,,,,,,
659,,,,,,
3175,,,,,,
979,,,,,,
672,,,,,,
761,,,,,,
759,,,,,,
768,,,,,,
649,,,,,,
841,,,,,,
1748,,,,,,
1637,,,,,,
1923,,,,,,
722,,,,,,
782,,,,,,
848,,,,,,
786,,,,,,
872,,,,,,
1737,,,,,,
1235,,,,,,
754,,,,,,
1088,,,,,,
683,,,,,,
1260,,,,,,
1066,,,,,,
806,,,,,,
880,,,,,,
1112,,,,,,
864,,,,,,
893,,,,,,
694,,,,,,
679,,,,,,
692,,,,,,
2451,,,,,,
684,,,,,,
773,,,,,,
725,,,,,,
709,,,,,,
1485,,,,,,
668,,,,,,
1809,,,,,,
1082,,,,,,
1163,,,,,,
808,,,,,,
1129,,,,,,
1067,,,,,,
1045,,,,,,
2409,,,,,,
1149,,,,,,
686,,,,,,
1004,,,,,,
982,,,,,,
1020,,,,,,
3702,,,,,,
735,,,,,,
676,,,,,,
787,,,,,,
803,,,,,,
1047,,,,,,
783,,,,,,
684,,,,,,
931,,,,,,
736,,,,,,
903,,,,,,
1073,,,,,,
837,,,,,,
1559,,,,,,
776,,,,,,
1373,,,,,,
615,,,,,,
661,,,,,,
655,,,,,,
834,,,,,,
913,,,,,,
901,,,,,,
664,,,,,,
831,,,,,,
675,,,,,,
1143,,,,,,
799,,,,,,
608,,,,,,
633,,,,,,
799,,,,,,
720,,,,,,
1305,,,,,,
691,,,,,,
629,,,,,,
850,,,,,,
668,,,,,,
836,,,,,,
812,,,,,,
828,,,,,,
957,,,,,,
1086,,,,,,
748,,,,,,
1188,,,,,,
805,,,,,,
908,,,,,,
753,,,,,,
1566,,,,,,
835,,,,,,
1195,,,,,,
727,,,,,,
1173,,,,,,
761,,,,,,
888,,,,,,
1129,,,,,,
860,,,,,,
795,,,,,,
854,,,,,,
1190,,,,,,
792,,,,,,
1250,,,,,,
618,,,,,,
818,,,,,,
747,,,,,,
673,,,,,,
850,,,,,,
776,,,,,,
1036,,,,,,
682,,,,,,
666,,,,,,
899,,,,,,
880,,,,,,
721,,,,,,
644,,,,,,
1339,,,,,,
1117,,,,,,
746,,,,,,
872,,,,,,
847,,,,,,
754,,,,,,
744,,,,,,
669,,,,,,
655,,,,,,
894,,,,,,
662,,,,,,
1104,,,,,,
805,,,,,,
1247,,,,,,
784,,,,,,
1232,,,,,,
782,,,,,,
693,,,,,,
809,,,,,,
710,,,,,,
796,,,,,,
856,,,,,,
748,,,,,,
746,,,,,,
768,,,,,,
745,,,,,,
1047,,,,,,
664,,,,,,
693,,,,,,
615,,,,,,
619,,,,,,
687,,,,,,
771,,,,,,
731,,,,,,
1118,,,,,,
973,,,,,,
669,,,,,,
693,,,,,,
671,,,,,,
698,,,,,,
816,,,,,,
956,,,,,,
941,,,,,,
1881,,,,,,
657,,,,,,
1287,,,,,,
2142,,,,,,
1219,,,,,,
667,,,,,,
1061,,,,,,
1087,,,,,,
1124,,,,,,
1022,,,,,,
718,,,,,,
777,,,,,,
1372,,,,,,
809,,,,,,
1060,,,,,,
767,,,,,,
796,,,,,,
897,,,,,,
769,,,,,,
1046,,,,,,
1095,,,,,,
753,,,,,,
703,,,,,,
1414,,,,,,
698,,,,,,
1039,,,,,,
815,,,,,,
1107,,,,,,
737,,,,,,
704,,,,,,
687,,,,,,
700,,,,,,
649,,,,,,
876,,,,,,
777,,,,,,
1021,,,,,,
651,,,,,,
644,,,,,,
795,,,,,,
1029,,,,,,
679,,,,,,
862,,,,,,
1074,,,,,,
763,,,,,,
878,,,,,,
1555,,,,,,
990,,,,,,
1144,,,,,,
690,,,,,,
721,,,,,,
719,,,,,,
725,,,,,,
706,,,,,,
837,,,,,,
725,,,,,,
643,,,,,,
667,,,,,,
720,,,,,,
983,,,,,,
713,,,,,,
639,,,,,,
693,,,,,,
896,,,,,,
780,,,,,,
848,,,,,,
703,,,,,,
1201,,,,,,
953,,,,,,
704,,,,,,
1032,,,,,,
681,,,,,,
689,,,,,,
1043,,,,,,
696,,,,,,
708,,,,,,
873,,,,,,
654,,,,,,
1131,,,,,,
696,,,,,,
626,,,,,,
876,,,,,,
859,,,,,,
703,,,,,,
815,,,,,,
739,,,,,,
1100,,,,,,
751,,,,,,
870,,,,,,
790,,,,,,
739,,,,,,
825,,,,,,
677,,,,,,
645,,,,,,
650,,,,,,
849,,,,,,
698,,,,,,
776,,,,,,
1033,,,,,,
645,,,,,,
647,,,,,,
846,,,,,,
784,,,,,,
677,,,,,,
1566,,,,,,
673,,,,,,
872,,,,,,
706,,,,,,
669,,,,,,
682,,,,,,
747,,,,,,
795,,,,,,
721,,,,,,
710,,,,,,
692,,,,,,
774,,,,,,
836,,,,,,
637,,,,,,
718,,,,,,
733,,,,,,
3304,,,,,,
827,,,,,,
1506,,,,,,
749,,,,,,
644,,,,,,
690,,,,,,
779,,,,,,
906,,,,,,
693,,,,,,
726,,,,,,
696,,,,,,
1678,,,,,,
848,,,,,,
717,,,,,,
1122,,,,,,
1622,,,,,,
731,,,,,,
721,,,,,,
766,,,,,,
706,,,,,,
697,,,,,,
703,,,,,,
728,,,,,,
702,,,,,,
1067,,,,,,
665,,,,,,
1612,,,,,,
834,,,,,,
1547,,,,,,
748,,,,,,
1125,,,,,,
2767,,,,,,
1102,,,,,,
1139,,,,,,
799,,,,,,
1001,,,,,,
704,,,,,,
672,,,,,,
2218,,,,,,
769,,,,,,
781,,,,,,
2443,,,,,,
805,,,,,,
694,,,,,,
1090,,,,,,
1498,,,,,,
1163,,,,,,
688,,,,,,
1343,,,,,,
1133,,,,,,
832,,,,,,
1992,,,,,,
846,,,,,,
1251,,,,,,
1529,,,,,,
795,,,,,,
744,,,,,,
1454,,,,,,
1244,,,,,,
712,,,,,,
2242,,,,,,
1837,,,,,,
786,,,,,,
2345,,,,,,
776,,,,,,
882,,,,,,
1317,,,,,,
697,,,,,,
673,,,,,,
2160,,,,,,
1316,,,,,,
1815,,,,,,
1368,,,,,,
1069,,,,,,
4234,,,,,,
851,,,,,,
791,,,,,,
757,,,,,,
1065,,,,,,
752,,,,,,
732,,,,,,
797,,,,,,
735,,,,,,
1095,,,,,,
1183,,,,,,
2604,,,,,,
819,,,,,,
2055,,,,,,
751,,,,,,
759,,,,,,
1245,,,,,,
683,,,,,,
686,,,,,,
721,,,,,,
659,,,,,,
1640,,,,,,
1106,,,,,,
1080,,,,,,
708,,,,,,
806,,,,,,
777,,,,,,
649,,,,,,
767,,,,,,
761,,,,,,
653,,,,,,
1494,,,,,,
777,,,,,,
668,,,,,,
674,,,,,,
2840,,,,,,
2104,,,,,,
728,,,,,,
660,,,,,,
669,,,,,,
1564,,,,,,
786,,,,,,
685,,,,,,
1422,,,,,,
2216,,,,,,
858,,,,,,
1114,,,,,,
712,,,,,,
2556,,,,,,
1534,,,,,,
676,,,,,,
1466,,,,,,
664,,,,,,
1142,,,,,,
792,,,,,,
1304,,,,,,
681,,,,,,
687,,,,,,
869,,,,,,
1239,,,,,,
1097,,,,,,
792,,,,,,
1104,,,,,,
774,,,,,,
711,,,,,,
737,,,,,,
789,,,,,,
2379,,,,,,
1660,,,,,,
947,,,,,,
752,,,,,,
954,,,,,,
748,,,,,,
825,,,,,,
2506,,,,,,
797,,,,,,
704,,,,,,
1083,,,,,,
678,,,,,,
1947,,,,,,
703,,,,,,
1306,,,,,,
722,,,,,,
878,,,,,,
1491,,,,,,
1690,,,,,,
1166,,,,,,
1522,,,,,,
1435,,,,,,
724,,,,,,
1120,,,,,,
1494,,,,,,
807,,,,,,
658,,,,,,
851,,,,,,
771,,,,,,
1579,,,,,,
1668,,,,,,
1567,,,,,,
1433,,,,,,
1510,,,,,,
1204,,,,,,
774,,,,,,
845,,,,,,
707,,,,,,
1420,,,,,,
712,,,,,,
674,,,,,,
1621,,,,,,
939,,,,,,
1819,,,,,,
1411,,,,,,
860,,,,,,
679,,,,,,
1336,,,,,,
759,,,,,,
787,,,,,,
1188,,,,,,
1847,,,,,,
1314,,,,,,
1084,,,,,,
852,,,,,,
698,,,,,,
716,,,,,,
665,,,,,,
1563,,,,,,
859,,,,,,
751,,,,,,
705,,,,,,
1173,,,,,,
715,,,,,,
1283,,,,,,
1134,,,,,,
649,,,,,,
1159,,,,,,
769,,,,,,
1257,,,,,,
697,,,,,,
674,,,,,,
691,,,,,,
677,,,,,,
646,,,,,,
934,,,,,,
1399,,,,,,
682,,,,,,
1090,,,,,,
712,,,,,,
689,,,,,,
671,,,,,,
783,,,,,,
726,,,,,,
694,,,,,,
804,,,,,,
711,,,,,,
723,,,,,,
731,,,,,,
742,,,,,,
770,,,,,,
723,,,,,,
749,,,,,,
788,,,,,,
659,,,,,,
669,,,,,,
954,,,,,,
691,,,,,,
690,,,,,,
900,,,,,,
1038,,,,,,
678,,,,,,
784,,,,,,
675,,,,,,
847,,,,,,
706,,,,,,
729,,,,,,
767,,,,,,
751,,,,,,
751,,,,,,
702,,,,,,
741,,,,,,
699,,,,,,
707,,,,,,
688,,,,,,
666,,,,,,
905,,,,,,
843,,,,,,
1110,,,,,,
719,,,,,,
743,,,,,,
690,,,,,,
794,,,,,,
696,,,,,,
700,,,,,,
1107,,,,,,
1003,,,,,,
840,,,,,,
762,,,,,,
688,,,,,,
693,,,,,,
661,,,,,,
867,,,,,,
811,,,,,,
1084,,,,,,
771,,,,,,
760,,,,,,
738,,,,,,
745,,,,,,
730,,,,,,
721,,,,,,
1090,,,,,,
745,,,,,,
662,,,,,,
758,,,,,,
730,,,,,,
710,,,,,,
796,,,,,,
697,,,,,,
819,,,,,,
709,,,,,,
633,,,,,,
670,,,,,,
708,,,,,,
835,,,,,,
853,,,,,,
1081,,,,,,
718,,,,,,
791,,,,,,
1983,,,,,,
702,,,,,,
676,,,,,,
786,,,,,,
946,,,,,,
731,,,,,,
680,,,,,,
924,,,,,,
721,,,,,,
661,,,,,,
995,,,,,,
723,,,,,,
713,,,,,,
759,,,,,,
868,,,,,,
728,,,,,,
1060,,,,,,
995,,,,,,
697,,,,,,
1092,,,,,,
727,,,,,,
650,,,,,,
694,,,,,,
1215,,,,,,
723,,,,,,
1166,,,,,,
735,,,,,,
1102,,,,,,
802,,,,,,
994,,,,,,
729,,,,,,
978,,,,,,
1021,,,,,,
709,,,,,,
680,,,,,,
660,,,,,,
807,,,,,,
1135,,,,,,
691,,,,,,
674,,,,,,
1156,,,,,,
749,,,,,,
755,,,,,,
1233,,,,,,
1079,,,,,,
770,,,,,,
673,,,,,,
734,,,,,,
825,,,,,,
688,,,,,,
668,,,,,,
675,,,,,,
1306,,,,,,
707,,,,,,
748,,,,,,
647,,,,,,
670,,,,,,
718,,,,,,
663,,,,,,
730,,,,,,
732,,,,,,
743,,,,,,
729,,,,,,
778,,,,,,
823,,,,,,
866,,,,,,
755,,,,,,
738,,,,,,
884,,,,,,
717,,,,,,
780,,,,,,
741,,,,,,
911,,,,,,
730,,,,,,
758,,,,,,
883,,,,,,
1098,,,,,,
1121,,,,,,
728,,,,,,
714,,,,,,
790,,,,,,
770,,,,,,
714,,,,,,
681,,,,,,
1135,,,,,,
824,,,,,,
689,,,,,,
693,,,,,,
1089,,,,,,
875,,,,,,
943,,,,,,
815,,,,,,
927,,,,,,
1001,,,,,,
665,,,,,,
652,,,,,,
690,,,,,,
685,,,,,,
1180,,,,,,
787,,,,,,
734,,,,,,
734,,,,,,
706,,,,,,
702,,,,,,
874,,,,,,
1954,,,,,,
693,,,,,,
716,,,,,,
854,,,,,,
695,,,,,,
760,,,,,,
677,,,,,,
1028,,,,,,
1090,,,,,,
1409,,,,,,
1224,,,,,,
693,,,,,,
943,,,,,,
669,,,,,,
684,,,,,,
1372,,,,,,
842,,,,,,
781,,,,,,
748,,,,,,
1108,,,,,,
692,,,,,,
1494,,,,,,
1698,,,,,,
742,,,,,,
2016,,,,,,
699,,,,,,
794,,,,,,
667,,,,,,
873,,,,,,
747,,,,,,
1786,,,,,,
1839,,,,,,
674,,,,,,
756,,,,,,
646,,,,,,
764,,,,,,
2141,,,,,,
1377,,,,,,
690,,,,,,
759,,,,,,
701,,,,,,
959,,,,,,
806,,,,,,
1738,,,,,,
814,,,,,,
676,,,,,,
1263,,,,,,
1049,,,,,,
2067,,,,,,
686,,,,,,
1071,,,,,,
732,,,,,,
732,,,,,,
1186,,,,,,
1415,,,,,,
912,,,,,,
1479,,,,,,
815,,,,,,
808,,,,,,
1067,,,,,,
1402,,,,,,
710,,,,,,
808,,,,,,
755,,,,,,
594,,,,,,
734,,,,,,
685,,,,,,
982,,,,,,
706,,,,,,
1585,,,,,,
2193,,,,,,
842,,,,,,
758,,,,,,
739,,,,,,
1159,,,,,,
1429,,,,,,
1174,,,,,,
993,,,,,,
943,,,,,,
711,,,,,,
700,,,,,,
1215,,,,,,
755,,,,,,
771,,,,,,
1385,,,,,,
726,,,,,,
844,,,,,,
1229,,,,,,
740,,,,,,
905,,,,,,
1185,,,,,,
1448,,,,,,
1402,,,,,,
827,,,,,,
804,,,,,,
727,,,,,,
835,,,,,,
789,,,,,,
1456,,,,,,
893,,,,,,
1063,,,,,,
926,,,,,,
735,,,,,,
1494,,,,,,
1059,,,,,,
832,,,,,,
1906,,,,,,
1172,,,,,,
923,,,,,,
1140,,,,,,
934,,,,,,
1570,,,,,,
939,,,,,,
717,,,,,,
871,,,,,,
721,,,,,,
1810,,,,,,
1310,,,,,,
695,,,,,,
746,,,,,,
789,,,,,,
967,,,,,,
734,,,,,,
781,,,,,,
1676,,,,,,
1818,,,,,,
2916,,,,,,
641,,,,,,
2655,,,,,,
1586,,,,,,
672,,,,,,
771,,,,,,
711,,,,,,
717,,,,,,
950,,,,,,
840,,,,,,
757,,,,,,
1199,,,,,,
739,,,,,,
1173,,,,,,
1123,,,,,,
1396,,,,,,
1805,,,,,,
702,,,,,,
1007,,,,,,
911,,,,,,
693,,,,,,
2198,,,,,,
939,,,,,,
1084,,,,,,
935,,,,,,
808,,,,,,
915,,,,,,
1774,,,,,,
1330,,,,,,
3967,,,,,,
810,,,,,,
648,,,,,,
1125,,,,,,
959,,,,,,
1795,,,,,,
844,,,,,,
664,,,,,,
1130,,,,,,
2042,,,,,,
1322,,,,,,
704,,,,,,
1095,,,,,,
864,,,,,,
1365,,,,,,
1507,,,,,,
1751,,,,,,
716,,,,,,
687,,,,,,
1828,,,,,,
968,,,,,,
1242,,,,,,
685,,,,,,
633,,,,,,
674,,,,,,
2327,,,,,,
749,,,,,,
964,,,,,,
637,,,,,,
2511,,,,,,
996,,,,,,
2807,,,,,,
696,,,,,,
804,,,,,,
788,,,,,,
676,,,,,,
1133,,,,,,
1393,,,,,,
1442,,,,,,
667,,,,,,
2006,,,,,,
1294,,,,,,
1573,,,,,,
734,,,,,,
1238,,,,,,
1096,,,,,,
928,,,,,,
918,,,,,,
666,,,,,,
1476,,,,,,
710,,,,,,
1503,,,,,,
1157,,,,,,
753,,,,,,
680,,,,,,
1153,,,,,,
1128,,,,,,
1570,,,,,,
737,,,,,,
761,,,,,,
886,,,,,,
802,,,,,,
1217,,,,,,
913,,,,,,
735,,,,,,
949,,,,,,
1509,,,,,,
790,,,,,,
869,,,,,,
909,,,,,,
651,,,,,,
1001,,,,,,
800,,,,,,
1129,,,,,,
1001,,,,,,
1740,,,,,,
675,,,,,,
820,,,,,,
807,,,,,,
881,,,,,,
678,,,,,,
4013,,,,,,
1029,,,,,,
803,,,,,,
1713,,,,,,
829,,,,,,
758,,,,,,
756,,,,,,
942,,,,,,
1515,,,,,,
1099,,,,,,
1117,,,,,,
857,,,,,,
708,,,,,,
948,,,,,,
914,,,,,,
1177,,,,,,
986,,,,,,
705,,,,,,
1129,,,,,,
897,,,,,,
975,,,,,,
1279,,,,,,
747,,,,,,
1211,,,,,,
712,,,,,,
1079,,,,,,
676,,,,,,
1309,,,,,,
720,,,,,,
715,,,,,,
829,,,,,,
1381,,,,,,
813,,,,,,
785,,,,,,
686,,,,,,
1037,,,,,,
783,,,,,,
731,,,,,,
735,,,,,,
652,,,,,,
887,,,,,,
1290,,,,,,
691,,,,,,
725,,,,,,
843,,,,,,
761,,,,,,
855,,,,,,
1152,,,,,,
1431,,,,,,
873,,,,,,
1016,,,,,,
2060,,,,,,
1060,,,,,,
1123,,,,,,
718,,,,,,
675,,,,,,
1000,,,,,,
994,,,,,,
1022,,,,,,
695,,,,,,
696,,,,,,
724,,,,,,
1241,,,,,,
1155,,,,,,
750,,,,,,
639,,,,,,
1178,,,,,,
1706,,,,,,
837,,,,,,
808,,,,,,
1443,,,,,,
666,,,,,,
768,,,,,,
1228,,,,,,
669,,,,,,
700,,,,,,
1030,,,,,,
1201,,,,,,
745,,,,,,
700,,,,,,
1083,,,,,,
720,,,,,,
940,,,,,,
1328,,,,,,
853,,,,,,
908,,,,,,
1055,,,,,,
1205,,,,,,
796,,,,,,
1164,,,,,,
921,,,,,,
1991,,,,,,
1157,,,,,,
933,,,,,,
769,,,,,,
748,,,,,,
728,,,,,,
1510,,,,,,
1173,,,,,,
1286,,,,,,
765,,,,,,
1057,,,,,,
932,,,,,,
1071,,,,,,
851,,,,,,
1001,,,,,,
1407,,,,,,
1578,,,,,,
1013,,,,,,
700,,,,,,
820,,,,,,
903,,,,,,
1177,,,,,,
675,,,,,,
967,,,,,,
3739,,,,,,
1427,,,,,,
1321,,,,,,
748,,,,,,
1219,,,,,,
683,,,,,,
1499,,,,,,
1085,,,,,,
901,,,,,,
827,,,,,,
1041,,,,,,
831,,,,,,
1215,,,,,,
1086,,,,,,
1552,,,,,,
663,,,,,,
705,,,,,,
845,,,,,,
680,,,,,,
1270,,,,,,
733,,,,,,
1154,,,,,,
808,,,,,,
776,,,,,,
764,,,,,,
1053,,,,,,
1110,,,,,,
1155,,,,,,
1514,,,,,,
1108,,,,,,
676,,,,,,
904,,,,,,
677,,,,,,
805,,,,,,
1554,,,,,,
820,,,,,,
851,,,,,,
703,,,,,,
928,,,,,,
2804,,,,,,
965,,,,,,
1079,,,,,,
719,,,,,,
784,,,,,,
1702,,,,,,
2673,,,,,,
865,,,,,,
835,,,,,,
657,,,,,,
1496,,,,,,
641,,,,,,
1408,,,,,,
755,,,,,,
734,,,,,,
873,,,,,,
1278,,,,,,
664,,,,,,
670,,,,,,
769,,,,,,
1136,,,,,,
661,,,,,,
1279,,,,,,
625,,,,,,
1672,,,,,,
700,,,,,,
1620,,,,,,
1006,,,,,,
734,,,,,,
746,,,,,,
645,,,,,,
2428,,,,,,
718,,,,,,
1406,,,,,,
652,,,,,,
687,,,,,,
2127,,,,,,
658,,,,,,
1196,,,,,,
688,,,,,,
833,,,,,,
1622,,,,,,
1587,,,,,,
822,,,,,,
1391,,,,,,
736,,,,,,
1073,,,,,,
892,,,,,,
1144,,,,,,
1476,,,,,,
818,,,,,,
1787,,,,,,
3247,,,,,,
1511,,,,,,
672,,,,,,
675,,,,,,
1387,,,,,,
1243,,,,,,
751,,,,,,
667,,,,,,
1235,,,,,,
675,,,,,,
1059,,,,,,
1149,,,,,,
2069,,,,,,
2268,,,,,,
1766,,,,,,
874,,,,,,
1209,,,,,,
895,,,,,,
1087,,,,,,
692,,,,,,
2106,,,,,,
824,,,,,,
2193,,,,,,
670,,,,,,
1308,,,,,,
1660,,,,,,
1873,,,,,,
713,,,,,,
804,,,,,,
1591,,,,,,
1332,,,,,,
682,,,,,,
2288,,,,,,
1089,,,,,,
1705,,,,,,
655,,,,,,
644,,,,,,
714,,,,,,
1699,,,,,,
3245,,,,,,
23983,,,,,,
10062,,,,,,
10173,,,,,,
19726,,,,,,
804,,,,,,
1397,,,,,,
2220,,,,,,
1481,,,,,,
641,,,,,,
2270,,,,,,
696,,,,,,
708,,,,,,
1577,,,,,,
1258,,,,,,
2769,,,,,,
665,,,,,,
829,,,,,,
1271,,,,,,
2449,,,,,,
794,,,,,,
767,,,,,,
1609,,,,,,
664,,,,,,
630,,,,,,
697,,,,,,
1618,,,,,,
632,,,,,,
638,,,,,,
1086,,,,,,
685,,,,,,
715,,,,,,
2472,,,,,,
1570,,,,,,
1076,,,,,,
1470,,,,,,
781,,,,,,
706,,,,,,
1528,,,,,,
749,,,,,,
667,,,,,,
1420,,,,,,
999,,,,,,
1070,,,,,,
658,,,,,,
735,,,,,,
683,,,,,,
1167,,,,,,
698,,,,,,
635,,,,,,
725,,,,,,
1238,,,,,,
654,,,,,,
911,,,,,,
675,,,,,,
751,,,,,,
658,,,,,,
1223,,,,,,
987,,,,,,
887,,,,,,
745,,,,,,
2303,,,,,,
791,,,,,,
798,,,,,,
693,,,,,,
758,,,,,,
745,,,,,,
666,,,,,,
1082,,,,,,
737,,,,,,
747,,,,,,
1611,,,,,,
729,,,,,,
1311,,,,,,
1137,,,,,,
639,,,,,,
640,,,,,,
1190,,,,,,
1937,,,,,,
911,,,,,,
663,,,,,,
618,,,,,,
675,,,,,,
665,,,,,,
796,,,,,,
821,,,,,,
800,,,,,,
635,,,,,,
678,,,,,,
810,,,,,,
773,,,,,,
1569,,,,,,
974,,,,,,
1104,,,,,,
752,,,,,,
830,,,,,,
1634,,,,,,
983,,,,,,
773,,,,,,
727,,,,,,
1157,,,,,,
773,,,,,,
1878,,,,,,
1478,,,,,,
723,,,,,,
1397,,,,,,
626,,,,,,
705,,,,,,
764,,,,,,
1057,,,,,,
659,,,,,,
1953,,,,,,
608,,,,,,
866,,,,,,
716,,,,,,
841,,,,,,
716,,,,,,
1128,,,,,,
677,,,,,,
809,,,,,,
1809,,,,,,
13382,,,,,,
1124,,,,,,
759,,,,,,
732,,,,,,
822,,,,,,
908,,,,,,
1967,,,,,,
2028,,,,,,
1015,,,,,,
1338,,,,,,
620,,,,,,
638,,,,,,
827,,,,,,
804,,,,,,
955,,,,,,
1204,,,,,,
894,,,,,,
643,,,,,,
1023,,,,,,
631,,,,,,
1460,,,,,,
714,,,,,,
1067,,,,,,
795,,,,,,
1032,,,,,,
694,,,,,,
647,,,,,,
694,,,,,,
1478,,,,,,
848,,,,,,
904,,,,,,
989,,,,,,
930,,,,,,
1926,,,,,,
813,,,,,,
641,,,,,,
807,,,,,,
660,,,,,,
1520,,,,,,
1035,,,,,,
792,,,,,,
1256,,,,,,
752,,,,,,
685,,,,,,
789,,,,,,
852,,,,,,
689,,,,,,
2223,,,,,,
857,,,,,,
1854,,,,,,
677,,,,,,
721,,,,,,
2364,,,,,,
928,,,,,,
656,,,,,,
1351,,,,,,
665,,,,,,
1735,,,,,,
984,,,,,,
1920,,,,,,
680,,,,,,
741,,,,,,
3736,,,,,,
1040,,,,,,
809,,,,,,
664,,,,,,
902,,,,,,
2115,,,,,,
677,,,,,,
782,,,,,,
1060,,,,,,
684,,,,,,
1031,,,,,,
1385,,,,,,
1062,,,,,,
1135,,,,,,
672,,,,,,
835,,,,,,
1161,,,,,,
686,,,,,,
770,,,,,,
892,,,,,,
673,,,,,,
841,,,,,,
1518,,,,,,
1044,,,,,,
626,,,,,,
986,,,,,,
3734,,,,,,
1069,,,,,,
960,,,,,,
668,,,,,,
2205,,,,,,
611,,,,,,
1055,,,,,,
1539,,,,,,
5926,,,,,,
684,,,,,,
1138,,,,,,
682,,,,,,
2480,,,,,,
645,,,,,,
1411,,,,,,
1401,,,,,,
851,,,,,,
690,,,,,,
1040,,,,,,
646,,,,,,
1578,,,,,,
1804,,,,,,
885,,,,,,
761,,,,,,
1180,,,,,,
1085,,,,,,
622,,,,,,
1814,,,,,,
1722,,,,,,
1061,,,,,,
1448,,,,,,
649,,,,,,
1872,,,,,,
640,,,,,,
1326,,,,,,
920,,,,,,
1852,,,,,,
1013,,,,,,
756,,,,,,
766,,,,,,
2862,,,,,,
1578,,,,,,
1928,,,,,,
1288,,,,,,
1109,,,,,,
1317,,,,,,
1392,,,,,,
981,,,,,,
1620,,,,,,
842,,,,,,
1035,,,,,,
677,,,,,,
1491,,,,,,
1690,,,,,,
1037,,,,,,
1316,,,,,,
1139,,,,,,
731,,,,,,
1056,,,,,,
859,,,,,,
1711,,,,,,
898,,,,,,
964,,,,,,
723,,,,,,
813,,,,,,
1485,,,,,,
2280,,,,,,
999,,,,,,
699,,,,,,
715,,,,,,
770,,,,,,
662,,,,,,
881,,,,,,
1215,,,,,,
723,,,,,,
880,,,,,,
970,,,,,,
701,,,,,,
883,,,,,,
788,,,,,,
1055,,,,,,
738,,,,,,
745,,,,,,
1813,,,,,,
1041,,,,,,
1153,,,,,,
719,,,,,,
740,,,,,,
787,,,,,,
1107,,,,,,
711,,,,,,
738,,,,,,
1066,,,,,,
935,,,,,,
778,,,,,,
754,,,,,,
687,,,,,,
906,,,,,,
683,,,,,,
970,,,,,,
721,,,,,,
706,,,,,,
1305,,,,,,
723,,,,,,
696,,,,,,
660,,,,,,
665,,,,,,
689,,,,,,
1363,,,,,,
688,,,,,,
686,,,,,,
662,,,,,,
678,,,,,,
973,,,,,,
698,,,,,,
1066,,,,,,
685,,,,,,
683,,,,,,
1268,,,,,,
650,,,,,,
701,,,,,,
965,,,,,,
931,,,,,,
887,,,,,,
1079,,,,,,
848,,,,,,
717,,,,,,
715,,,,,,
726,,,,,,
801,,,,,,
1031,,,,,,
1035,,,,,,
1007,,,,,,
743,,,,,,
677,,,,,,
723,,,,,,
688,,,,,,
1408,,,,,,
662,,,,,,
789,,,,,,
708,,,,,,
667,,,,,,
1114,,,,,,
781,,,,,,
636,,,,,,
632,,,,,,
703,,,,,,
1107,,,,,,
908,,,,,,
700,,,,,,
837,,,,,,
669,,,,,,
653,,,,,,
892,,,,,,
685,,,,,,
671,,,,,,
959,,,,,,
707,,,,,,
665,,,,,,
655,,,,,,
670,,,,,,
664,,,,,,
1209,,,,,,
1056,,,,,,
798,,,,,,
823,,,,,,
667,,,,,,
808,,,,,,
1018,,,,,,
923,,,,,,
1078,,,,,,
907,,,,,,
654,,,,,,
684,,,,,,
905,,,,,,
738,,,,,,
697,,,,,,
2505,,,,,,
763,,,,,,
655,,,,,,
645,,,,,,
954,,,,,,
647,,,,,,
972,,,,,,
681,,,,,,
705,,,,,,
872,,,,,,
726,,,,,,
946,,,,,,
841,,,,,,
707,,,,,,
1050,,,,,,
765,,,,,,
677,,,,,,
873,,,,,,
724,,,,,,
650,,,,,,
846,,,,,,
657,,,,,,
685,,,,,,
785,,,,,,
732,,,,,,
685,,,,,,
652,,,,,,
763,,,,,,
694,,,,,,
943,,,,,,
691,,,,,,
662,,,,,,
795,,,,,,
698,,,,,,
718,,,,,,
1169,,,,,,
673,,,,,,
1189,,,,,,
669,,,,,,
683,,,,,,
697,,,,,,
838,,,,,,
663,,,,,,
739,,,,,,
1214,,,,,,
662,,,,,,
692,,,,,,
1340,,,,,,
727,,,,,,
639,,,,,,
660,,,,,,
668,,,,,,
755,,,,,,
738,,,,,,
805,,,,,,
1020,,,,,,
753,,,,,,
754,,,,,,
696,,,,,,
714,,,,,,
695,,,,,,
669,,,,,,
683,,,,,,
715,,,,,,
698,,,,,,
678,,,,,,
727,,,,,,
862,,,,,,
1305,,,,,,
1240,,,,,,
1296,,,,,,
721,,,,,,
726,,,,,,
702,,,,,,
694,,,,,,
1763,,,,,,
1534,,,,,,
1322,,,,,,
1086,,,,,,
872,,,,,,
674,,,,,,
689,,,,,,
769,,,,,,
898,,,,,,
738,,,,,,
699,,,,,,
1705,,,,,,
677,,,,,,
645,,,,,,
653,,,,,,
823,,,,,,
695,,,,,,
709,,,,,,
701,,,,,,
1149,,,,,,
730,,,,,,
728,,,,,,
717,,,,,,
1149,,,,,,
1107,,,,,,
751,,,,,,
657,,,,,,
1028,,,,,,
1918,,,,,,
696,,,,,,
951,,,,,,
1284,,,,,,
768,,,,,,
656,,,,,,
724,,,,,,
757,,,,,,
939,,,,,,
995,,,,,,
763,,,,,,
740,,,,,,
784,,,,,,
665,,,,,,
831,,,,,,
1442,,,,,,
707,,,,,,
648,,,,,,
726,,,,,,
1479,,,,,,
790,,,,,,
1325,,,,,,
629,,,,,,
674,,,,,,
653,,,,,,
1067,,,,,,
797,,,,,,
672,,,,,,
1060,,,,,,
776,,,,,,
2677,,,,,,
715,,,,,,
696,,,,,,
832,,,,,,
665,,,,,,
774,,,,,,
913,,,,,,
723,,,,,,
703,,,,,,
672,,,,,,
883,,,,,,
1707,,,,,,
808,,,,,,
706,,,,,,
1010,,,,,,
1116,,,,,,
722,,,,,,
1150,,,,,,
1059,,,,,,
681,,,,,,
1023,,,,,,
1499,,,,,,
1251,,,,,,
678,,,,,,
865,,,,,,
853,,,,,,
1212,,,,,,
1060,,,,,,
1361,,,,,,
1194,,,,,,
747,,,,,,
729,,,,,,
777,,,,,,
965,,,,,,
696,,,,,,
848,,,,,,
1492,,,,,,
1126,,,,,,
1066,,,,,,
1058,,,,,,
1912,,,,,,
1850,,,,,,
825,,,,,,
659,,,,,,
705,,,,,,
718,,,,,,
1124,,,,,,
707,,,,,,
838,,,,,,
832,,,,,,
2791,,,,,,
674,,,,,,
672,,,,,,
691,,,,,,
1053,,,,,,
699,,,,,,
1086,,,,,,
1128,,,,,,
767,,,,,,
681,,,,,,
774,,,,,,
1580,,,,,,
869,,,,,,
1526,,,,,,
1110,,,,,,
1274,,,,,,
2437,,,,,,
1189,,,,,,
1324,,,,,,
1710,,,,,,
729,,,,,,
718,,,,,,
737,,,,,,
746,,,,,,
1006,,,,,,
752,,,,,,
733,,,,,,
686,,,,,,
708,,,,,,
753,,,,,,
1832,,,,,,
797,,,,,,
652,,,,,,
685,,,,,,
646,,,,,,
1410,,,,,,
2008,,,,,,
1211,,,,,,
1471,,,,,,
1026,,,,,,
750,,,,,,
3750,,,,,,
1294,,,,,,
793,,,,,,
955,,,,,,
859,,,,,,
790,,,,,,
736,,,,,,
1119,,,,,,
674,,,,,,
719,,,,,,
3765,,,,,,
848,,,,,,
688,,,,,,
1050,,,,,,
777,,,,,,
857,,,,,,
713,,,,,,
866,,,,,,
1199,,,,,,
1909,,,,,,
1199,,,,,,
1095,,,,,,
776,,,,,,
1465,,,,,,
670,,,,,,
945,,,,,,
1601,,,,,,
785,,,,,,
1518,,,,,,
1259,,,,,,
787,,,,,,
1855,,,,,,
686,,,,,,
717,,,,,,
708,,,,,,
1420,,,,,,
772,,,,,,
802,,,,,,
1609,,,,,,
1885,,,,,,
701,,,,,,
703,,,,,,
2304,,,,,,
710,,,,,,
717,,,,,,
710,,,,,,
1268,,,,,,
721,,,,,,
979,,,,,,
2129,,,,,,
724,,,,,,
1453,,,,,,
730,,,,,,
1044,,,,,,
697,,,,,,
705,,,,,,
846,,,,,,
680,,,,,,
2336,,,,,,
885,,,,,,
848,,,,,,
1061,,,,,,
626,,,,,,
1168,,,,,,
713,,,,,,
1441,,,,,,
762,,,,,,
1115,,,,,,
752,,,,,,
1399,,,,,,
631,,,,,,
1123,,,,,,
678,,,,,,
1043,,,,,,
736,,,,,,
1127,,,,,,
895,,,,,,
971,,,,,,
656,,,,,,
694,,,,,,
680,,,,,,
709,,,,,,
1851,,,,,,
629,,,,,,
1393,,,,,,
655,,,,,,
943,,,,,,
1151,,,,,,
664,,,,,,
928,,,,,,
692,,,,,,
1396,,,,,,
690,,,,,,
710,,,,,,
875,,,,,,
676,,,,,,
1464,,,,,,
844,,,,,,
998,,,,,,
775,,,,,,
726,,,,,,
853,,,,,,
903,,,,,,
738,,,,,,
793,,,,,,
717,,,,,,
1572,,,,,,
831,,,,,,
1192,,,,,,
737,,,,,,
1100,,,,,,
682,,,,,,
850,,,,,,
1074,,,,,,
654,,,,,,
817,,,,,,
881,,,,,,
704,,,,,,
685,,,,,,
909,,,,,,
825,,,,,,
746,,,,,,
1342,,,,,,
825,,,,,,
815,,,,,,
727,,,,,,
727,,,,,,
1184,,,,,,
728,,,,,,
726,,,,,,
681,,,,,,
693,,,,,,
685,,,,,,
643,,,,,,
914,,,,,,
718,,,,,,
830,,,,,,
759,,,,,,
825,,,,,,
844,,,,,,
742,,,,,,
789,,,,,,
660,,,,,,
631,,,,,,
895,,,,,,
669,,,,,,
1058,,,,,,
737,,,,,,
1262,,,,,,
1083,,,,,,
1150,,,,,,
801,,,,,,
692,,,,,,
739,,,,,,
653,,,,,,
1110,,,,,,
722,,,,,,
856,,,,,,
889,,,,,,
752,,,,,,
1003,,,,,,
747,,,,,,
666,,,,,,
676,,,,,,
729,,,,,,
791,,,,,,
759,,,,,,
739,,,,,,
870,,,,,,
637,,,,,,
692,,,,,,
1713,,,,,,
1020,,,,,,
777,,,,,,
1097,,,,,,
971,,,,,,
702,,,,,,
1068,,,,,,
1028,,,,,,
933,,,,,,
661,,,,,,
784,,,,,,
724,,,,,,
1289,,,,,,
722,,,,,,
723,,,,,,
672,,,,,,
1960,,,,,,
640,,,,,,
741,,,,,,
765,,,,,,
1042,,,,,,
782,,,,,,
702,,,,,,
1045,,,,,,
1104,,,,,,
1837,,,,,,
686,,,,,,
864,,,,,,
1297,,,,,,
1009,,,,,,
1221,,,,,,
659,,,,,,
647,,,,,,
954,,,,,,
643,,,,,,
691,,,,,,
971,,,,,,
835,,,,,,
1061,,,,,,
685,,,,,,
1105,,,,,,
620,,,,,,
645,,,,,,
666,,,,,,
701,,,,,,
913,,,,,,
632,,,,,,
663,,,,,,
686,,,,,,
725,,,,,,
662,,,,,,
642,,,,,,
687,,,,,,
720,,,,,,
1498,,,,,,
955,,,,,,
624,,,,,,
1147,,,,,,
722,,,,,,
719,,,,,,
1167,,,,,,
975,,,,,,
681,,,,,,
646,,,,,,
1070,,,,,,
678,,,,,,
714,,,,,,
1184,,,,,,
643,,,,,,
903,,,,,,
688,,,,,,
848,,,,,,
684,,,,,,
729,,,,,,
807,,,,,,
1366,,,,,,
663,,,,,,
732,,,,,,
611,,,,,,
701,,,,,,
849,,,,,,
657,,,,,,
794,,,,,,
797,,,,,,
691,,,,,,
647,,,,,,
854,,,,,,
686,,,,,,
661,,,,,,
794,,,,,,
832,,,,,,
766,,,,,,
848,,,,,,
858,,,,,,
950,,,,,,
685,,,,,,
858,,,,,,
765,,,,,,
1041,,,,,,
859,,,,,,
698,,,,,,
670,,,,,,
1013,,,,,,
648,,,,,,
872,,,,,,
1037,,,,,,
648,,,,,,
693,,,,,,
830,,,,,,
646,,,,,,
623,,,,,,
826,,,,,,
724,,,,,,
707,,,,,,
952,,,,,,
641,,,,,,
660,,,,,,
819,,,,,,
679,,,,,,
701,,,,,,
724,,,,,,
1027,,,,,,
716,,,,,,
779,,,,,,
955,,,,,,
1095,,,,,,
731,,,,,,
3010,,,,,,
940,,,,,,
864,,,,,,
666,,,,,,
787,,,,,,
748,,,,,,
668,,,,,,
1541,,,,,,
1239,,,,,,
750,,,,,,
692,,,,,,
682,,,,,,
743,,,,,,
1082,,,,,,
699,,,,,,
660,,,,,,
808,,,,,,
688,,,,,,
715,,,,,,
733,,,,,,
1384,,,,,,
731,,,,,,
741,,,,,,
689,,,,,,
1466,,,,,,
869,,,,,,
687,,,,,,
678,,,,,,
734,,,,,,
797,,,,,,
711,,,,,,
860,,,,,,
1037,,,,,,
746,,,,,,
1130,,,,,,
707,,,,,,
912,,,,,,
858,,,,,,
726,,,,,,
1092,,,,,,
2279,,,,,,
702,,,,,,
2601,,,,,,
865,,,,,,
717,,,,,,
712,,,,,,
695,,,,,,
703,,,,,,
1021,,,,,,
1915,,,,,,
2282,,,,,,
730,,,,,,
676,,,,,,
896,,,,,,
1394,,,,,,
2512,,,,,,
921,,,,,,
2274,,,,,,
820,,,,,,
900,,,,,,
686,,,,,,
4146,,,,,,
711,,,,,,
823,,,,,,
1683,,,,,,
780,,,,,,
741,,,,,,
1487,,,,,,
721,,,,,,
934,,,,,,
1042,,,,,,
743,,,,,,
700,,,,,,
1408,,,,,,
1063,,,,,,
1823,,,,,,
842,,,,,,
804,,,,,,
768,,,,,,
2472,,,,,,
1346,,,,,,
675,,,,,,
1051,,,,,,
845,,,,,,
2175,,,,,,
1958,,,,,,
706,,,,,,
718,,,,,,
841,,,,,,
1104,,,,,,
787,,,,,,
746,,,,,,
982,,,,,,
1176,,,,,,
1800,,,,,,
2078,,,,,,
3477,,,,,,
843,,,,,,
882,,,,,,
721,,,,,,
1671,,,,,,
1310,,,,,,
768,,,,,,
1627,,,,,,
745,,,,,,
781,,,,,,
706,,,,,,
773,,,,,,
1775,,,,,,
965,,,,,,
876,,,,,,
1095,,,,,,
2211,,,,,,
1058,,,,,,
778,,,,,,
2203,,,,,,
677,,,,,,
839,,,,,,
726,,,,,,
1216,,,,,,
727,,,,,,
727,,,,,,
1016,,,,,,
729,,,,,,
694,,,,,,
1301,,,,,,
887,,,,,,
1495,,,,,,
668,,,,,,
1117,,,,,,
1460,,,,,,
770,,,,,,
1126,,,,,,
1155,,,,,,
1063,,,,,,
922,,,,,,
1125,,,,,,
776,,,,,,
1683,,,,,,
689,,,,,,
731,,,,,,
710,,,,,,
681,,,,,,
767,,,,,,
643,,,,,,
1197,,,,,,
811,,,,,,
792,,,,,,
1120,,,,,,
959,,,,,,
829,,,,,,
722,,,,,,
2240,,,,,,
2124,,,,,,
1071,,,,,,
1720,,,,,,
3444,,,,,,
2289,,,,,,
1166,,,,,,
1633,,,,,,
760,,,,,,
660,,,,,,
797,,,,,,
1094,,,,,,
678,,,,,,
745,,,,,,
777,,,,,,
957,,,,,,
785,,,,,,
681,,,,,,
1148,,,,,,
841,,,,,,
682,,,,,,
788,,,,,,
1174,,,,,,
1297,,,,,,
898,,,,,,
794,,,,,,
796,,,,,,
714,,,,,,
1838,,,,,,
795,,,,,,
820,,,,,,
683,,,,,,
1503,,,,,,
674,,,,,,
701,,,,,,
934,,,,,,
1062,,,,,,
685,,,,,,
800,,,,,,
780,,,,,,
937,,,,,,
918,,,,,,
992,,,,,,
765,,,,,,
1269,,,,,,
1177,,,,,,
814,,,,,,
788,,,,,,
746,,,,,,
1216,,,,,,
1508,,,,,,
994,,,,,,
823,,,,,,
1104,,,,,,
690,,,,,,
970,,,,,,
1137,,,,,,
1467,,,,,,
1180,,,,,,
697,,,,,,
1092,,,,,,
1468,,,,,,
1062,,,,,,
798,,,,,,
685,,,,,,
901,,,,,,
714,,,,,,
1027,,,,,,
675,,,,,,
738,,,,,,
680,,,,,,
917,,,,,,
693,,,,,,
761,,,,,,
698,,,,,,
696,,,,,,
728,,,,,,
659,,,,,,
816,,,,,,
681,,,,,,
1045,,,,,,
729,,,,,,
856,,,,,,
712,,,,,,
1039,,,,,,
1186,,,,,,
655,,,,,,
813,,,,,,
767,,,,,,
746,,,,,,
700,,,,,,
690,,,,,,
939,,,,,,
704,,,,,,
676,,,,,,
913,,,,,,
760,,,,,,
676,,,,,,
1000,,,,,,
664,,,,,,
862,,,,,,
693,,,,,,
784,,,,,,
751,,,,,,
729,,,,,,
708,,,,,,
669,,,,,,
773,,,,,,
713,,,,,,
698,,,,,,
680,,,,,,
702,,,,,,
997,,,,,,
860,,,,,,
1074,,,,,,
710,,,,,,
821,,,,,,
1190,,,,,,
698,,,,,,
662,,,,,,
697,,,,,,
708,,,,,,
964,,,,,,
1009,,,,,,
729,,,,,,
679,,,,,,
696,,,,,,
1109,,,,,,
884,,,,,,
1090,,,,,,
922,,,,,,
1288,,,,,,
702,,,,,,
661,,,,,,
679,,,,,,
650,,,,,,
1078,,,,,,
984,,,,,,
677,,,,,,
880,,,,,,
731,,,,,,
1062,,,,,,
693,,,,,,
1027,,,,,,
678,,,,,,
706,,,,,,
661,,,,,,
858,,,,,,
815,,,,,,
657,,,,,,
739,,,,,,
734,,,,,,
685,,,,,,
817,,,,,,
719,,,,,,
746,,,,,,
677,,,,,,
746,,,,,,
695,,,,,,
1177,,,,,,
720,,,,,,
790,,,,,,
888,,,,,,
716,,,,,,
705,,,,,,
703,,,,,,
759,,,,,,
865,,,,,,
1042,,,,,,
677,,,,,,
693,,,,,,
711,,,,,,
959,,,,,,
1159,,,,,,
769,,,,,,
718,,,,,,
645,,,,,,
1094,,,,,,
720,,,,,,
1165,,,,,,
691,,,,,,
749,,,,,,
752,,,,,,
784,,,,,,
763,,,,,,
734,,,,,,
733,,,,,,
842,,,,,,
732,,,,,,
745,,,,,,
717,,,,,,
683,,,,,,
771,,,,,,
799,,,,,,
744,,,,,,
710,,,,,,
701,,,,,,
775,,,,,,
657,,,,,,
748,,,,,,
735,,,,,,
771,,,,,,
710,,,,,,
693,,,,,,
675,,,,,,
726,,,,,,
940,,,,,,
701,,,,,,
1109,,,,,,
645,,,,,,
881,,,,,,
773,,,,,,
728,,,,,,
655,,,,,,
678,,,,,,
684,,,,,,
675,,,,,,
747,,,,,,
673,,,,,,
728,,,,,,
743,,,,,,
732,,,,,,
714,,,,,,
1143,,,,,,
798,,,,,,
760,,,,,,
1060,,,,,,
909,,,,,,
718,,,,,,
903,,,,,,
795,,,,,,
1016,,,,,,
1014,,,,,,
823,,,,,,
710,,,,,,
1183,,,,,,
1220,,,,,,
820,,,,,,
845,,,,,,
657,,,,,,
673,,,,,,
710,,,,,,
923,,,,,,
663,,,,,,
707,,,,,,
782,,,,,,
939,,,,,,
968,,,,,,
1349,,,,,,
1270,,,,,,
685,,,,,,
699,,,,,,
1215,,,,,,
718,,,,,,
765,,,,,,
692,,,,,,
708,,,,,,
826,,,,,,
1087,,,,,,
1009,,,,,,
749,,,,,,
768,,,,,,
754,,,,,,
1120,,,,,,
943,,,,,,
1561,,,,,,
678,,,,,,
1529,,,,,,
1222,,,,,,
659,,,,,,
754,,,,,,
1163,,,,,,
750,,,,,,
666,,,,,,
3606,,,,,,
1542,,,,,,
1172,,,,,,
683,,,,,,
1208,,,,,,
646,,,,,,
746,,,,,,
673,,,,,,
658,,,,,,
1601,,,,,,
1219,,,,,,
640,,,,,,
1394,,,,,,
690,,,,,,
1157,,,,,,
1209,,,,,,
713,,,,,,
667,,,,,,
643,,,,,,
726,,,,,,
711,,,,,,
1160,,,,,,
1322,,,,,,
742,,,,,,
754,,,,,,
659,,,,,,
1808,,,,,,
714,,,,,,
714,,,,,,
753,,,,,,
722,,,,,,
738,,,,,,
1887,,,,,,
985,,,,,,
856,,,,,,
707,,,,,,
890,,,,,,
1481,,,,,,
1407,,,,,,
981,,,,,,
1478,,,,,,
1708,,,,,,
2249,,,,,,
781,,,,,,
708,,,,,,
856,,,,,,
951,,,,,,
674,,,,,,
1438,,,,,,
692,,,,,,
1126,,,,,,
1314,,,,,,
694,,,,,,
1574,,,,,,
836,,,,,,
2535,,,,,,
660,,,,,,
1366,,,,,,
1811,,,,,,
861,,,,,,
868,,,,,,
1054,,,,,,
2201,,,,,,
688,,,,,,
730,,,,,,
666,,,,,,
946,,,,,,
1154,,,,,,
1919,,,,,,
1172,,,,,,
782,,,,,,
691,,,,,,
673,,,,,,
1575,,,,,,
1052,,,,,,
858,,,,,,
781,,,,,,
688,,,,,,
858,,,,,,
2540,,,,,,
1455,,,,,,
692,,,,,,
815,,,,,,
800,,,,,,
756,,,,,,
1092,,,,,,
1296,,,,,,
769,,,,,,
1229,,,,,,
1230,,,,,,
968,,,,,,
1131,,,,,,
2329,,,,,,
941,,,,,,
1086,,,,,,
893,,,,,,
702,,,,,,
792,,,,,,
2767,,,,,,
652,,,,,,
1236,,,,,,
2459,,,,,,
703,,,,,,
1844,,,,,,
823,,,,,,
774,,,,,,
660,,,,,,
735,,,,,,
727,,,,,,
1563,,,,,,
697,,,,,,
667,,,,,,
1514,,,,,,
2815,,,,,,
968,,,,,,
852,,,,,,
1184,,,,,,
1481,,,,,,
794,,,,,,
1060,,,,,,
1204,,,,,,
854,,,,,,
1154,,,,,,
814,,,,,,
2217,,,,,,
722,,,,,,
762,,,,,,
1007,,,,,,
767,,,,,,
899,,,,,,
1724,,,,,,
2648,,,,,,
1240,,,,,,
817,,,,,,
744,,,,,,
1271,,,,,,
651,,,,,,
673,,,,,,
2403,,,,,,
1661,,,,,,
722,,,,,,
1044,,,,,,
1001,,,,,,
673,,,,,,
667,,,,,,
1655,,,,,,
1046,,,,,,
947,,,,,,
842,,,,,,
699,,,,,,
778,,,,,,
738,,,,,,
1709,,,,,,
923,,,,,,
761,,,,,,
1479,,,,,,
832,,,,,,
1502,,,,,,
1038,,,,,,
769,,,,,,
1008,,,,,,
1603,,,,,,
717,,,,,,
2170,,,,,,
714,,,,,,
918,,,,,,
704,,,,,,
818,,,,,,
897,,,,,,
880,,,,,,
1222,,,,,,
906,,,,,,
1214,,,,,,
1448,,,,,,
1133,,,,,,
739,,,,,,
1410,,,,,,
871,,,,,,
951,,,,,,
684,,,,,,
1716,,,,,,
851,,,,,,
1738,,,,,,
1045,,,,,,
1080,,,,,,
678,,,,,,
714,,,,,,
1147,,,,,,
969,,,,,,
1068,,,,,,
1068,,,,,,
1329,,,,,,
677,,,,,,
1160,,,,,,
676,,,,,,
849,,,,,,
1775,,,,,,
1094,,,,,,
680,,,,,,
1487,,,,,,
727,,,,,,
931,,,,,,
779,,,,,,
835,,,,,,
680,,,,,,
1211,,,,,,
1649,,,,,,
978,,,,,,
824,,,,,,
856,,,,,,
1036,,,,,,
1221,,,,,,
2166,,,,,,
1014,,,,,,
825,,,,,,
923,,,,,,
1395,,,,,,
828,,,,,,
1379,,,,,,
955,,,,,,
747,,,,,,
754,,,,,,
1312,,,,,,
1214,,,,,,
706,,,,,,
651,,,,,,
1119,,,,,,
1204,,,,,,
761,,,,,,
798,,,,,,
967,,,,,,
1444,,,,,,
1070,,,,,,
759,,,,,,
1079,,,,,,
1532,,,,,,
687,,,,,,
1281,,,,,,
1390,,,,,,
716,,,,,,
1148,,,,,,
864,,,,,,
978,,,,,,
951,,,,,,
810,,,,,,
824,,,,,,
1042,,,,,,
719,,,,,,
1204,,,,,,
710,,,,,,
926,,,,,,
781,,,,,,
985,,,,,,
1032,,,,,,
1012,,,,,,
785,,,,,,
732,,,,,,
715,,,,,,
910,,,,,,
994,,,,,,
946,,,,,,
675,,,,,,
1326,,,,,,
739,,,,,,
748,,,,,,
841,,,,,,
796,,,,,,
722,,,,,,
939,,,,,,
1169,,,,,,
1118,,,,,,
1230,,,,,,
819,,,,,,
968,,,,,,
967,,,,,,
1431,,,,,,
1081,,,,,,
712,,,,,,
667,,,,,,
958,,,,,,
1381,,,,,,
1125,,,,,,
823,,,,,,
797,,,,,,
886,,,,,,
814,,,,,,
1003,,,,,,
833,,,,,,
1447,,,,,,
1779,,,,,,
810,,,,,,
794,,,,,,
699,,,,,,
662,,,,,,
664,,,,,,
795,,,,,,
912,,,,,,
678,,,,,,
731,,,,,,
1179,,,,,,
735,,,,,,
963,,,,,,
854,,,,,,
703,,,,,,
671,,,,,,
710,,,,,,
946,,,,,,
1080,,,,,,
711,,,,,,
859,,,,,,
682,,,,,,
959,,,,,,
722,,,,,,
1142,,,,,,
702,,,,,,
1811,,,,,,
1633,,,,,,
1594,,,,,,
679,,,,,,
1058,,,,,,
697,,,,,,
1329,,,,,,
888,,,,,,
1973,,,,,,
773,,,,,,
1116,,,,,,
1269,,,,,,
748,,,,,,
778,,,,,,
978,,,,,,
2060,,,,,,
2235,,,,,,
1191,,,,,,
829,,,,,,
1160,,,,,,
721,,,,,,
922,,,,,,
2388,,,,,,
665,,,,,,
1036,,,,,,
718,,,,,,
1478,,,,,,
1046,,,,,,
1580,,,,,,
647,,,,,,
1476,,,,,,
941,,,,,,
823,,,,,,
833,,,,,,
756,,,,,,
630,,,,,,
739,,,,,,
1408,,,,,,
796,,,,,,
734,,,,,,
1073,,,,,,
736,,,,,,
880,,,,,,
2276,,,,,,
649,,,,,,
738,,,,,,
1135,,,,,,
786,,,,,,
807,,,,,,
734,,,,,,
741,,,,,,
2397,,,,,,
1557,,,,,,
814,,,,,,
646,,,,,,
707,,,,,,
1414,,,,,,
1543,,,,,,
685,,,,,,
877,,,,,,
772,,,,,,
1164,,,,,,
661,,,,,,
1629,,,,,,
1095,,,,,,
971,,,,,,
663,,,,,,
720,,,,,,
857,,,,,,
1000,,,,,,
778,,,,,,
1622,,,,,,
2117,,,,,,
690,,,,,,
1109,,,,,,
902,,,,,,
661,,,,,,
931,,,,,,
731,,,,,,
724,,,,,,
769,,,,,,
1310,,,,,,
1689,,,,,,
641,,,,,,
685,,,,,,
1078,,,,,,
2186,,,,,,
756,,,,,,
1046,,,,,,
683,,,,,,
760,,,,,,
700,,,,,,
1150,,,,,,
1098,,,,,,
656,,,,,,
1040,,,,,,
825,,,,,,
901,,,,,,
1198,,,,,,
696,,,,,,
711,,,,,,
1918,,,,,,
1089,,,,,,
732,,,,,,
675,,,,,,
671,,,,,,
2475,,,,,,
1446,,,,,,
741,,,,,,
2378,,,,,,
1045,,,,,,
868,,,,,,
738,,,,,,
750,,,,,,
928,,,,,,
1505,,,,,,
1898,,,,,,
799,,,,,,
1851,,,,,,
1096,,,,,,
684,,,,,,
1179,,,,,,
1389,,,,,,
1176,,,,,,
803,,,,,,
684,,,,,,
1028,,,,,,
768,,,,,,
733,,,,,,
1131,,,,,,
1574,,,,,,
1076,,,,,,
666,,,,,,
1009,,,,,,
2135,,,,,,
670,,,,,,
1903,,,,,,
1517,,,,,,
672,,,,,,
682,,,,,,
727,,,,,,
2159,,,,,,
1760,,,,,,
1433,,,,,,
1303,,,,,,
797,,,,,,
1772,,,,,,
1404,,,,,,
721,,,,,,
1030,,,,,,
1152,,,,,,
3256,,,,,,
2044,,,,,,
1065,,,,,,
2468,,,,,,
663,,,,,,
11203,,,,,,
18846,,,,,,
8360,,,,,,
12584,,,,,,
17146,,,,,,
696,,,,,,
746,,,,,,
1114,,,,,,
1238,,,,,,
1525,,,,,,
692,,,,,,
1760,,,,,,
1422,,,,,,
798,,,,,,
761,,,,,,
1390,,,,,,
1512,,,,,,
747,,,,,,
662,,,,,,
998,,,,,,
813,,,,,,
1760,,,,,,
651,,,,,,
1010,,,,,,
1094,,,,,,
836,,,,,,
1046,,,,,,
2182,,,,,,
667,,,,,,
757,,,,,,
664,,,,,,
660,,,,,,
640,,,,,,
622,,,,,,
1013,,,,,,
697,,,,,,
1073,,,,,,
706,,,,,,
713,,,,,,
2448,,,,,,
773,,,,,,
823,,,,,,
1388,,,,,,
655,,,,,,
657,,,,,,
1136,,,,,,
777,,,,,,
1046,,,,,,
651,,,,,,
1020,,,,,,
739,,,,,,
1108,,,,,,
639,,,,,,
1026,,,,,,
735,,,,,,
1383,,,,,,
1021,,,,,,
683,,,,,,
722,,,,,,
1058,,,,,,
1495,,,,,,
629,,,,,,
842,,,,,,
771,,,,,,
756,,,,,,
715,,,,,,
661,,,,,,
1419,,,,,,
756,,,,,,
862,,,,,,
1006,,,,,,
704,,,,,,
1151,,,,,,
629,,,,,,
658,,,,,,
941,,,,,,
682,,,,,,
1849,,,,,,
1380,,,,,,
1173,,,,,,
1013,,,,,,
764,,,,,,
966,,,,,,
721,,,,,,
914,,,,,,
948,,,,,,
696,,,,,,
984,,,,,,
659,,,,,,
1537,,,,,,
1029,,,,,,
666,,,,,,
1176,,,,,,
1399,,,,,,
713,,,,,,
733,,,,,,
1108,,,,,,
754,,,,,,
1209,,,,,,
720,,,,,,
670,,,,,,
854,,,,,,
1244,,,,,,
1076,,,,,,
665,,,,,,
771,,,,,,
868,,,,,,
664,,,,,,
674,,,,,,
787,,,,,,
785,,,,,,
1650,,,,,,
794,,,,,,
757,,,,,,
700,,,,,,
713,,,,,,
650,,,,,,
1501,,,,,,
754,,,,,,
653,,,,,,
1516,,,,,,
677,,,,,,
1217,,,,,,
1001,,,,,,
738,,,,,,
1012,,,,,,
810,,,,,,
2390,,,,,,
12762,,,,,,
874,,,,,,
1069,,,,,,
876,,,,,,
938,,,,,,
1006,,,,,,
671,,,,,,
1598,,,,,,
1069,,,,,,
696,,,,,,
1630,,,,,,
1004,,,,,,
681,,,,,,
1539,,,,,,
628,,,,,,
1819,,,,,,
1067,,,,,,
783,,,,,,
625,,,,,,
2595,,,,,,
673,,,,,,
719,,,,,,
661,,,,,,
641,,,,,,
632,,,,,,
711,,,,,,
759,,,,,,
1229,,,,,,
929,,,,,,
1815,,,,,,
637,,,,,,
683,,,,,,
1230,,,,,,
1048,,,,,,
786,,,,,,
788,,,,,,
665,,,,,,
853,,,,,,
715,,,,,,
1122,,,,,,
1465,,,,,,
719,,,,,,
2128,,,,,,
666,,,,,,
2828,,,,,,
1186,,,,,,
1247,,,,,,
702,,,,,,
1387,,,,,,
792,,,,,,
718,,,,,,
2471,,,,,,
1295,,,,,,
785,,,,,,
816,,,,,,
651,,,,,,
671,,,,,,
2105,,,,,,
723,,,,,,
1133,,,,,,
842,,,,,,
688,,,,,,
2308,,,,,,
2006,,,,,,
674,,,,,,
743,,,,,,
1294,,,,,,
707,,,,,,
703,,,,,,
737,,,,,,
677,,,,,,
699,,,,,,
650,,,,,,
1203,,,,,,
661,,,,,,
673,,,,,,
1048,,,,,,
673,,,,,,
1586,,,,,,
630,,,,,,
1752,,,,,,
694,,,,,,
690,,,,,,
1058,,,,,,
1325,,,,,,
949,,,,,,
1031,,,,,,
653,,,,,,
647,,,,,,
632,,,,,,
845,,,,,,
1323,,,,,,
1040,,,,,,
4141,,,,,,
3214,,,,,,
776,,,,,,
647,,,,,,
2033,,,,,,
1488,,,,,,
667,,,,,,
672,,,,,,
1297,,,,,,
1979,,,,,,
1048,,,,,,
653,,,,,,
676,,,,,,
990,,,,,,
891,,,,,,
2509,,,,,,
1735,,,,,,
2426,,,,,,
1084,,,,,,
1203,,,,,,
1054,,,,,,
767,,,,,,
2760,,,,,,
692,,,,,,
681,,,,,,
695,,,,,,
1113,,,,,,
770,,,,,,
1056,,,,,,
651,,,,,,
2161,,,,,,
1007,,,,,,
653,,,,,,
660,,,,,,
920,,,,,,
1726,,,,,,
753,,,,,,
1121,,,,,,
703,,,,,,
2070,,,,,,
674,,,,,,
1075,,,,,,
3186,,,,,,
2469,,,,,,
2652,,,,,,
1021,,,,,,
2058,,,,,,
5113,,,,,,
641,,,,,,
698,,,,,,
1613,,,,,,
901,,,,,,
704,,,,,,
1837,,,,,,
1734,,,,,,
830,,,,,,
705,,,,,,
780,,,,,,
781,,,,,,
1644,,,,,,
1023,,,,,,
1596,,,,,,
654,,,,,,
618,,,,,,
1087,,,,,,
952,,,,,,
723,,,,,,
824,,,,,,
900,,,,,,
716,,,,,,
914,,,,,,
884,,,,,,
709,,,,,,
812,,,,,,
633,,,,,,
649,,,,,,
1712,,,,,,
659,,,,,,
1235,,,,,,
693,,,,,,
766,,,,,,
1180,,,,,,
709,,,,,,
711,,,,,,
715,,,,,,
816,,,,,,
834,,,,,,
711,,,,,,
689,,,,,,
776,,,,,,
692,,,,,,
1400,,,,,,
930,,,,,,
1022,,,,,,
736,,,,,,
1017,,,,,,
705,,,,,,
702,,,,,,
721,,,,,,
694,,,,,,
674,,,,,,
640,,,,,,
693,,,,,,
692,,,,,,
679,,,,,,
683,,,,,,
821,,,,,,
832,,,,,,
725,,,,,,
962,,,,,,
824,,,,,,
4058,,,,,,
945,,,,,,
882,,,,,,
1108,,,,,,
837,,,,,,
745,,,,,,
738,,,,,,
751,,,,,,
700,,,,,,
1072,,,,,,
766,,,,,,
1232,,,,,,
675,,,,,,
681,,,,,,
670,,,,,,
679,,,,,,
689,,,,,,
665,,,,,,
647,,,,,,
702,,,,,,
805,,,,,,
685,,,,,,
859,,,,,,
728,,,,,,
659,,,,,,
651,,,,,,
675,,,,,,
695,,,,,,
795,,,,,,
985,,,,,,
712,,,,,,
843,,,,,,
691,,,,,,
664,,,,,,
862,,,,,,
692,,,,,,
720,,,,,,
898,,,,,,
705,,,,,,
672,,,,,,
1021,,,,,,
692,,,,,,
656,,,,,,
816,,,,,,
1063,,,,,,
859,,,,,,
918,,,,,,
655,,,,,,
672,,,,,,
1010,,,,,,
890,,,,,,
1051,,,,,,
972,,,,,,
1012,,,,,,
1117,,,,,,
747,,,,,,
864,,,,,,
1135,,,,,,
705,,,,,,
711,,,,,,
742,,,,,,
718,,,,,,
699,,,,,,
1121,,,,,,
663,,,,,,
681,,,,,,
741,,,,,,
668,,,,,,
1130,,,,,,
1303,,,,,,
768,,,,,,
714,,,,,,
1073,,,,,,
835,,,,,,
683,,,,,,
895,,,,,,
807,,,,,,
1143,,,,,,
646,,,,,,
1012,,,,,,
832,,,,,,
994,,,,,,
675,,,,,,
654,,,,,,
874,,,,,,
762,,,,,,
894,,,,,,
987,,,,,,
912,,,,,,
684,,,,,,
744,,,,,,
709,,,,,,
673,,,,,,
1067,,,,,,
859,,,,,,
664,,,,,,
725,,,,,,
682,,,,,,
676,,,,,,
692,,,,,,
732,,,,,,
920,,,,,,
719,,,,,,
796,,,,,,
965,,,,,,
803,,,,,,
1068,,,,,,
634,,,,,,
693,,,,,,
719,,,,,,
674,,,,,,
959,,,,,,
691,,,,,,
694,,,,,,
742,,,,,,
675,,,,,,
705,,,,,,
665,,,,,,
785,,,,,,
1218,,,,,,
721,,,,,,
664,,,,,,
731,,,,,,
805,,,,,,
680,,,,,,
1650,,,,,,
707,,,,,,
1059,,,,,,
635,,,,,,
1455,,,,,,
721,,,,,,
779,,,,,,
882,,,,,,
1509,,,,,,
868,,,,,,
940,,,,,,
1065,,,,,,
710,,,,,,
1020,,,,,,
801,,,,,,
911,,,,,,
725,,,,,,
1037,,,,,,
670,,,,,,
775,,,,,,
751,,,,,,
1929,,,,,,
1051,,,,,,
655,,,,,,
648,,,,,,
845,,,,,,
1517,,,,,,
737,,,,,,
1054,,,,,,
1174,,,,,,
798,,,,,,
670,,,,,,
653,,,,,,
800,,,,,,
776,,,,,,
843,,,,,,
664,,,,,,
843,,,,,,
965,,,,,,
1055,,,,,,
1032,,,,,,
1049,,,,,,
1511,,,,,,
1915,,,,,,
1291,,,,,,
992,,,,,,
654,,,,,,
631,,,,,,
665,,,,,,
680,,,,,,
803,,,,,,
675,,,,,,
775,,,,,,
888,,,,,,
719,,,,,,
714,,,,,,
1557,,,,,,
775,,,,,,
710,,,,,,
1174,,,,,,
650,,,,,,
686,,,,,,
2537,,,,,,
710,,,,,,
735,,,,,,
1032,,,,,,
741,,,,,,
751,,,,,,
1525,,,,,,
722,,,,,,
724,,,,,,
672,,,,,,
1660,,,,,,
1813,,,,,,
1105,,,,,,
654,,,,,,
1742,,,,,,
1110,,,,,,
977,,,,,,
2451,,,,,,
789,,,,,,
706,,,,,,
1082,,,,,,
946,,,,,,
1217,,,,,,
971,,,,,,
1160,,,,,,
734,,,,,,
701,,,,,,
1697,,,,,,
1476,,,,,,
768,,,,,,
1859,,,,,,
783,,,,,,
673,,,,,,
759,,,,,,
781,,,,,,
669,,,,,,
663,,,,,,
661,,,,,,
728,,,,,,
2415,,,,,,
695,,,,,,
1356,,,,,,
863,,,,,,
701,,,,,,
647,,,,,,
729,,,,,,
1062,,,,,,
2280,,,,,,
656,,,,,,
969,,,,,,
692,,,,,,
717,,,,,,
790,,,,,,
761,,,,,,
802,,,,,,
665,,,,,,
1189,,,,,,
735,,,,,,
1136,,,,,,
802,,,,,,
1090,,,,,,
1050,,,,,,
1179,,,,,,
1197,,,,,,
1816,,,,,,
1136,,,,,,
1797,,,,,,
1094,,,,,,
1267,,,,,,
803,,,,,,
699,,,,,,
697,,,,,,
701,,,,,,
1199,,,,,,
868,,,,,,
727,,,,,,
937,,,,,,
701,,,,,,
666,,,,,,
893,,,,,,
1093,,,,,,
760,,,,,,
633,,,,,,
1374,,,,,,
1319,,,,,,
1791,,,,,,
650,,,,,,
687,,,,,,
732,,,,,,
863,,,,,,
699,,,,,,
1350,,,,,,
1912,,,,,,
688,,,,,,
766,,,,,,
688,,,,,,
947,,,,,,
685,,,,,,
698,,,,,,
792,,,,,,
1188,,,,,,
1919,,,,,,
1059,,,,,,
1018,,,,,,
1089,,,,,,
660,,,,,,
643,,,,,,
997,,,,,,
2387,,,,,,
766,,,,,,
791,,,,,,
1050,,,,,,
1778,,,,,,
761,,,,,,
673,,,,,,
733,,,,,,
2102,,,,,,
786,,,,,,
756,,,,,,
871,,,,,,
716,,,,,,
2286,,,,,,
1531,,,,,,
740,,,,,,
928,,,,,,
699,,,,,,
773,,,,,,
1852,,,,,,
782,,,,,,
1178,,,,,,
737,,,,,,
1566,,,,,,
1614,,,,,,
729,,,,,,
1775,,,,,,
1441,,,,,,
792,,,,,,
803,,,,,,
842,,,,,,
736,,,,,,
771,,,,,,
1653,,,,,,
701,,,,,,
993,,,,,,
657,,,,,,
727,,,,,,
747,,,,,,
700,,,,,,
2124,,,,,,
654,,,,,,
1015,,,,,,
809,,,,,,
874,,,,,,
713,,,,,,
1500,,,,,,
807,,,,,,
1100,,,,,,
802,,,,,,
1035,,,,,,
641,,,,,,
799,,,,,,
753,,,,,,
677,,,,,,
819,,,,,,
642,,,,,,
1135,,,,,,
640,,,,,,
681,,,,,,
1385,,,,,,
732,,,,,,
803,,,,,,
757,,,,,,
723,,,,,,
643,,,,,,
674,,,,,,
798,,,,,,
748,,,,,,
1115,,,,,,
678,,,,,,
688,,,,,,
684,,,,,,
865,,,,,,
958,,,,,,
877,,,,,,
671,,,,,,
992,,,,,,
1048,,,,,,
806,,,,,,
4095,,,,,,
712,,,,,,
711,,,,,,
678,,,,,,
780,,,,,,
658,,,,,,
749,,,,,,
1175,,,,,,
749,,,,,,
759,,,,,,
847,,,,,,
718,,,,,,
844,,,,,,
739,,,,,,
764,,,,,,
817,,,,,,
743,,,,,,
1521,,,,,,
819,,,,,,
653,,,,,,
744,,,,,,
644,,,,,,
1074,,,,,,
727,,,,,,
876,,,,,,
1136,,,,,,
1103,,,,,,
976,,,,,,
698,,,,,,
680,,,,,,
931,,,,,,
813,,,,,,
730,,,,,,
895,,,,,,
655,,,,,,
766,,,,,,
704,,,,,,
779,,,,,,
1097,,,,,,
804,,,,,,
738,,,,,,
1427,,,,,,
1163,,,,,,
933,,,,,,
716,,,,,,
725,,,,,,
1260,,,,,,
958,,,,,,
655,,,,,,
1040,,,,,,
787,,,,,,
1036,,,,,,
658,,,,,,
734,,,,,,
657,,,,,,
1028,,,,,,
727,,,,,,
1186,,,,,,
849,,,,,,
1103,,,,,,
757,,,,,,
742,,,,,,
686,,,,,,
1182,,,,,,
658,,,,,,
830,,,,,,
708,,,,,,
784,,,,,,
741,,,,,,
718,,,,,,
672,,,,,,
802,,,,,,
651,,,,,,
694,,,,,,
724,,,,,,
745,,,,,,
827,,,,,,
704,,,,,,
848,,,,,,
1266,,,,,,
642,,,,,,
630,,,,,,
693,,,,,,
729,,,,,,
845,,,,,,
1135,,,,,,
1952,,,,,,
664,,,,,,
653,,,,,,
745,,,,,,
752,,,,,,
683,,,,,,
745,,,,,,
772,,,,,,
1133,,,,,,
760,,,,,,
741,,,,,,
667,,,,,,
1483,,,,,,
797,,,,,,
649,,,,,,
1181,,,,,,
1032,,,,,,
1105,,,,,,
697,,,,,,
664,,,,,,
1011,,,,,,
708,,,,,,
1058,,,,,,
832,,,,,,
896,,,,,,
712,,,,,,
1120,,,,,,
1206,,,,,,
752,,,,,,
661,,,,,,
658,,,,,,
818,,,,,,
649,,,,,,
860,,,,,,
649,,,,,,
665,,,,,,
644,,,,,,
650,,,,,,
1117,,,,,,
823,,,,,,
763,,,,,,
691,,,,,,
725,,,,,,
1075,,,,,,
1004,,,,,,
635,,,,,,
750,,,,,,
1196,,,,,,
894,,,,,,
689,,,,,,
647,,,,,,
1586,,,,,,
760,,,,,,
640,,,,,,
863,,,,,,
804,,,,,,
688,,,,,,
730,,,,,,
1456,,,,,,
1043,,,,,,
671,,,,,,
672,,,,,,
693,,,,,,
750,,,,,,
695,,,,,,
673,,,,,,
697,,,,,,
896,,,,,,
688,,,,,,
702,,,,,,
1098,,,,,,
1152,,,,,,
901,,,,,,
650,,,,,,
683,,,,,,
807,,,,,,
651,,,,,,
647,,,,,,
664,,,,,,
776,,,,,,
766,,,,,,
847,,,,,,
721,,,,,,
823,,,,,,
735,,,,,,
995,,,,,,
800,,,,,,
834,,,,,,
757,,,,,,
857,,,,,,
1575,,,,,,
707,,,,,,
972,,,,,,
724,,,,,,
750,,,,,,
719,,,,,,
663,,,,,,
976,,,,,,
660,,,,,,
828,,,,,,
806,,,,,,
748,,,,,,
661,,,,,,
637,,,,,,
1026,,,,,,
794,,,,,,
894,,,,,,
701,,,,,,
871,,,,,,
680,,,,,,
872,,,,,,
796,,,,,,
652,,,,,,
913,,,,,,
753,,,,,,
713,,,,,,
774,,,,,,
1058,,,,,,
826,,,,,,
1053,,,,,,
636,,,,,,
651,,,,,,
720,,,,,,
2291,,,,,,
825,,,,,,
950,,,,,,
801,,,,,,
794,,,,,,
739,,,,,,
736,,,,,,
657,,,,,,
733,,,,,,
1047,,,,,,
813,,,,,,
1121,,,,,,
1079,,,,,,
729,,,,,,
1094,,,,,,
1390,,,,,,
776,,,,,,
777,,,,,,
1145,,,,,,
975,,,,,,
704,,,,,,
711,,,,,,
747,,,,,,
749,,,,,,
829,,,,,,
756,,,,,,
786,,,,,,
692,,,,,,
1389,,,,,,
724,,,,,,
1217,,,,,,
686,,,,,,
736,,,,,,
771,,,,,,
1243,,,,,,
665,,,,,,
1146,,,,,,
1453,,,,,,
701,,,,,,
995,,,,,,
739,,,,,,
1521,,,,,,
1297,,,,,,
710,,,,,,
1244,,,,,,
2407,,,,,,
816,,,,,,
711,,,,,,
733,,,,,,
740,,,,,,
1253,,,,,,
677,,,,,,
1604,,,,,,
838,,,,,,
1028,,,,,,
1658,,,,,,
1385,,,,,,
1529,,,,,,
1141,,,,,,
1822,,,,,,
756,,,,,,
1624,,,,,,
849,,,,,,
742,,,,,,
754,,,,,,
1243,,,,,,
734,,,,,,
746,,,,,,
846,,,,,,
740,,,,,,
1162,,,,,,
1301,,,,,,
2307,,,,,,
710,,,,,,
760,,,,,,
1002,,,,,,
2306,,,,,,
1212,,,,,,
704,,,,,,
887,,,,,,
3566,,,,,,
1253,,,,,,
1496,,,,,,
1832,,,,,,
1410,,,,,,
1279,,,,,,
731,,,,,,
717,,,,,,
745,,,,,,
1865,,,,,,
616,,,,,,
2568,,,,,,
2115,,,,,,
1205,,,,,,
1463,,,,,,
1969,,,,,,
1815,,,,,,
924,,,,,,
1778,,,,,,
1353,,,,,,
863,,,,,,
1504,,,,,,
686,,,,,,
669,,,,,,
2275,,,,,,
774,,,,,,
844,,,,,,
708,,,,,,
925,,,,,,
739,,,,,,
760,,,,,,
808,,,,,,
735,,,,,,
767,,,,,,
770,,,,,,
685,,,,,,
1090,,,,,,
843,,,,,,
766,,,,,,
737,,,,,,
989,,,,,,
709,,,,,,
712,,,,,,
764,,,,,,
1420,,,,,,
699,,,,,,
707,,,,,,
1927,,,,,,
914,,,,,,
860,,,,,,
755,,,,,,
697,,,,,,
755,,,,,,
696,,,,,,
1083,,,,,,
2209,,,,,,
1356,,,,,,
658,,,,,,
872,,,,,,
797,,,,,,
651,,,,,,
794,,,,,,
3273,,,,,,
1379,,,,,,
695,,,,,,
2288,,,,,,
754,,,,,,
1801,,,,,,
730,,,,,,
1179,,,,,,
756,,,,,,
1949,,,,,,
920,,,,,,
765,,,,,,
1130,,,,,,
1088,,,,,,
1602,,,,,,
806,,,,,,
733,,,,,,
858,,,,,,
636,,,,,,
818,,,,,,
1305,,,,,,
805,,,,,,
782,,,,,,
770,,,,,,
694,,,,,,
1218,,,,,,
1890,,,,,,
677,,,,,,
868,,,,,,
975,,,,,,
778,,,,,,
701,,,,,,
3409,,,,,,
712,,,,,,
1465,,,,,,
1220,,,,,,
1091,,,,,,
722,,,,,,
1844,,,,,,
1090,,,,,,
2303,,,,,,
734,,,,,,
757,,,,,,
666,,,,,,
1164,,,,,,
1010,,,,,,
941,,,,,,
685,,,,,,
1128,,,,,,
1166,,,,,,
1055,,,,,,
1575,,,,,,
724,,,,,,
1630,,,,,,
824,,,,,,
772,,,,,,
746,,,,,,
682,,,,,,
702,,,,,,
776,,,,,,
1003,,,,,,
775,,,,,,
688,,,,,,
1100,,,,,,
1365,,,,,,
1335,,,,,,
734,,,,,,
1416,,,,,,
705,,,,,,
717,,,,,,
768,,,,,,
770,,,,,,
693,,,,,,
1293,,,,,,
743,,,,,,
1398,,,,,,
1032,,,,,,
686,,,,,,
703,,,,,,
721,,,,,,
834,,,,,,
682,,,,,,
1306,,,,,,
646,,,,,,
728,,,,,,
691,,,,,,
710,,,,,,
727,,,,,,
662,,,,,,
924,,,,,,
773,,,,,,
795,,,,,,
718,,,,,,
1049,,,,,,
720,,,,,,
783,,,,,,
1056,,,,,,
1063,,,,,,
961,,,,,,
720,,,,,,
1038,,,,,,
674,,,,,,
690,,,,,,
938,,,,,,
739,,,,,,
677,,,,,,
659,,,,,,
1110,,,,,,
783,,,,,,
688,,,,,,
747,,,,,,
863,,,,,,
710,,,,,,
740,,,,,,
689,,,,,,
769,,,,,,
704,,,,,,
724,,,,,,
786,,,,,,
717,,,,,,
880,,,,,,
836,,,,,,
1057,,,,,,
686,,,,,,
767,,,,,,
700,,,,,,
804,,,,,,
688,,,,,,
703,,,,,,
695,,,,,,
708,,,,,,
764,,,,,,
1102,,,,,,
702,,,,,,
691,,,,,,
675,,,,,,
808,,,,,,
1147,,,,,,
993,,,,,,
840,,,,,,
894,,,,,,
749,,,,,,
755,,,,,,
810,,,,,,
747,,,,,,
719,,,,,,
663,,,,,,
899,,,,,,
722,,,,,,
795,,,,,,
715,,,,,,
799,,,,,,
1051,,,,,,
1478,,,,,,
680,,,,,,
672,,,,,,
699,,,,,,
1040,,,,,,
665,,,,,,
781,,,,,,
749,,,,,,
694,,,,,,
771,,,,,,
706,,,,,,
731,,,,,,
733,,,,,,
747,,,,,,
725,,,,,,
1164,,,,,,
747,,,,,,
754,,,,,,
798,,,,,,
685,,,,,,
739,,,,,,
700,,,,,,
707,,,,,,
1206,,,,,,
1149,,,,,,
730,,,,,,
3744,,,,,,
1107,,,,,,
701,,,,,,
783,,,,,,
743,,,,,,
718,,,,,,
743,,,,,,
704,,,,,,
1163,,,,,,
790,,,,,,
722,,,,,,
712,,,,,,
734,,,,,,
837,,,,,,
748,,,,,,
750,,,,,,
695,,,,,,
690,,,,,,
705,,,,,,
775,,,,,,
1175,,,,,,
694,,,,,,
691,,,,,,
736,,,,,,
724,,,,,,
737,,,,,,
888,,,,,,
692,,,,,,
708,,,,,,
683,,,,,,
701,,,,,,
1161,,,,,,
739,,,,,,
1532,,,,,,
766,,,,,,
949,,,,,,
734,,,,,,
658,,,,,,
702,,,,,,
643,,,,,,
666,,,,,,
648,,,,,,
725,,,,,,
718,,,,,,
752,,,,,,
827,,,,,,
682,,,,,,
728,,,,,,
852,,,,,,
783,,,,,,
768,,,,,,
856,,,,,,
1433,,,,,,
696,,,,,,
1163,,,,,,
706,,,,,,
765,,,,,,
780,,,,,,
776,,,,,,
709,,,,,,
858,,,,,,
709,,,,,,
798,,,,,,
781,,,,,,
701,,,,,,
697,,,,,,
669,,,,,,
717,,,,,,
882,,,,,,
1119,,,,,,
636,,,,,,
1408,,,,,,
1014,,,,,,
796,,,,,,
887,,,,,,
1297,,,,,,
1317,,,,,,
732,,,,,,
706,,,,,,
799,,,,,,
1091,,,,,,
768,,,,,,
662,,,,,,
712,,,,,,
700,,,,,,
679,,,,,,
776,,,,,,
820,,,,,,
925,,,,,,
828,,,,,,
906,,,,,,
859,,,,,,
870,,,,,,
693,,,,,,
712,,,,,,
1393,,,,,,
697,,,,,,
1165,,,,,,
916,,,,,,
771,,,,,,
706,,,,,,
670,,,,,,
1380,,,,,,
1097,,,,,,
809,,,,,,
1075,,,,,,
1169,,,,,,
671,,,,,,
773,,,,,,
1052,,,,,,
664,,,,,,
676,,,,,,
733,,,,,,
1142,,,,,,
761,,,,,,
659,,,,,,
775,,,,,,
1068,,,,,,
1468,,,,,,
759,,,,,,
663,,,,,,
790,,,,,,
667,,,,,,
709,,,,,,
1287,,,,,,
731,,,,,,
1178,,,,,,
2988,,,,,,
648,,,,,,
2119,,,,,,
2342,,,,,,
1473,,,,,,
708,,,,,,
857,,,,,,
982,,,,,,
859,,,,,,
1553,,,,,,
752,,,,,,
664,,,,,,
693,,,,,,
693,,,,,,
976,,,,,,
788,,,,,,
1219,,,,,,
725,,,,,,
841,,,,,,
677,,,,,,
1302,,,,,,
757,,,,,,
3328,,,,,,
752,,,,,,
714,,,,,,
668,,,,,,
898,,,,,,
1755,,,,,,
686,,,,,,
2593,,,,,,
695,,,,,,
820,,,,,,
806,,,,,,
3223,,,,,,
1170,,,,,,
885,,,,,,
1462,,,,,,
1157,,,,,,
886,,,,,,
697,,,,,,
756,,,,,,
662,,,,,,
1049,,,,,,
778,,,,,,
881,,,,,,
838,,,,,,
1241,,,,,,
1713,,,,,,
694,,,,,,
1388,,,,,,
1280,,,,,,
1000,,,,,,
1085,,,,,,
1127,,,,,,
1188,,,,,,
2129,,,,,,
1087,,,,,,
824,,,,,,
1708,,,,,,
709,,,,,,
1751,,,,,,
1111,,,,,,
694,,,,,,
789,,,,,,
943,,,,,,
817,,,,,,
1344,,,,,,
779,,,,,,
1190,,,,,,
1848,,,,,,
879,,,,,,
681,,,,,,
1774,,,,,,
1291,,,,,,
822,,,,,,
1628,,,,,,
1682,,,,,,
966,,,,,,
681,,,,,,
1541,,,,,,
1235,,,,,,
4158,,,,,,
666,,,,,,
899,,,,,,
716,,,,,,
703,,,,,,
748,,,,,,
1419,,,,,,
1191,,,,,,
776,,,,,,
830,,,,,,
660,,,,,,
1402,,,,,,
751,,,,,,
2301,,,,,,
896,,,,,,
799,,,,,,
686,,,,,,
1782,,,,,,
966,,,,,,
696,,,,,,
694,,,,,,
654,,,,,,
947,,,,,,
905,,,,,,
1143,,,,,,
889,,,,,,
754,,,,,,
1200,,,,,,
1458,,,,,,
1952,,,,,,
804,,,,,,
1123,,,,,,
1842,,,,,,
710,,,,,,
2425,,,,,,
2137,,,,,,
1157,,,,,,
2254,,,,,,
1080,,,,,,
961,,,,,,
843,,,,,,
1168,,,,,,
1064,,,,,,
1604,,,,,,
1515,,,,,,
1467,,,,,,
665,,,,,,
864,,,,,,
783,,,,,,
847,,,,,,
692,,,,,,
1567,,,,,,
708,,,,,,
753,,,,,,
741,,,,,,
1290,,,,,,
1104,,,,,,
758,,,,,,
1285,,,,,,
987,,,,,,
898,,,,,,
2490,,,,,,
793,,,,,,
1068,,,,,,
695,,,,,,
3333,,,,,,
1794,,,,,,
755,,,,,,
694,,,,,,
892,,,,,,
735,,,,,,
787,,,,,,
1140,,,,,,
724,,,,,,
912,,,,,,
758,,,,,,
767,,,,,,
718,,,,,,
1127,,,,,,
1238,,,,,,
1384,,,,,,
1201,,,,,,
1131,,,,,,
888,,,,,,
723,,,,,,
675,,,,,,
869,,,,,,
950,,,,,,
781,,,,,,
1638,,,,,,
653,,,,,,
860,,,,,,
827,,,,,,
1089,,,,,,
733,,,,,,
1329,,,,,,
807,,,,,,
1070,,,,,,
848,,,,,,
1165,,,,,,
859,,,,,,
842,,,,,,
2527,,,,,,
804,,,,,,
1041,,,,,,
1055,,,,,,
866,,,,,,
1635,,,,,,
1137,,,,,,
858,,,,,,
885,,,,,,
969,,,,,,
707,,,,,,
772,,,,,,
703,,,,,,
717,,,,,,
1341,,,,,,
694,,,,,,
933,,,,,,
713,,,,,,
773,,,,,,
938,,,,,,
741,,,,,,
679,,,,,,
680,,,,,,
1249,,,,,,
1085,,,,,,
772,,,,,,
1168,,,,,,
716,,,,,,
1226,,,,,,
799,,,,,,
1560,,,,,,
1121,,,,,,
1177,,,,,,
912,,,,,,
956,,,,,,
1283,,,,,,
1241,,,,,,
1608,,,,,,
1761,,,,,,
1252,,,,,,
829,,,,,,
977,,,,,,
1080,,,,,,
1751,,,,,,
703,,,,,,
734,,,,,,
1300,,,,,,
879,,,,,,
793,,,,,,
668,,,,,,
913,,,,,,
945,,,,,,
801,,,,,,
896,,,,,,
914,,,,,,
747,,,,,,
870,,,,,,
1468,,,,,,
969,,,,,,
1010,,,,,,
717,,,,,,
1009,,,,,,
1015,,,,,,
836,,,,,,
1280,,,,,,
667,,,,,,
919,,,,,,
641,,,,,,
809,,,,,,
774,,,,,,
1398,,,,,,
820,,,,,,
844,,,,,,
923,,,,,,
952,,,,,,
1608,,,,,,
714,,,,,,
713,,,,,,
1592,,,,,,
662,,,,,,
1017,,,,,,
657,,,,,,
630,,,,,,
723,,,,,,
1044,,,,,,
1102,,,,,,
701,,,,,,
718,,,,,,
1041,,,,,,
1559,,,,,,
1223,,,,,,
672,,,,,,
771,,,,,,
976,,,,,,
1538,,,,,,
871,,,,,,
1077,,,,,,
993,,,,,,
1161,,,,,,
780,,,,,,
710,,,,,,
738,,,,,,
868,,,,,,
2225,,,,,,
738,,,,,,
879,,,,,,
1468,,,,,,
718,,,,,,
1495,,,,,,
1685,,,,,,
1598,,,,,,
1279,,,,,,
1766,,,,,,
1725,,,,,,
1544,,,,,,
1646,,,,,,
993,,,,,,
1371,,,,,,
711,,,,,,
696,,,,,,
706,,,,,,
1033,,,,,,
703,,,,,,
2297,,,,,,
651,,,,,,
679,,,,,,
688,,,,,,
728,,,,,,
1406,,,,,,
732,,,,,,
814,,,,,,
891,,,,,,
673,,,,,,
1424,,,,,,
882,,,,,,
803,,,,,,
835,,,,,,
911,,,,,,
1276,,,,,,
883,,,,,,
694,,,,,,
1280,,,,,,
661,,,,,,
645,,,,,,
688,,,,,,
779,,,,,,
658,,,,,,
1128,,,,,,
1410,,,,,,
1149,,,,,,
745,,,,,,
726,,,,,,
710,,,,,,
1432,,,,,,
1891,,,,,,
1390,,,,,,
733,,,,,,
707,,,,,,
1046,,,,,,
667,,,,,,
738,,,,,,
1799,,,,,,
793,,,,,,
744,,,,,,
758,,,,,,
852,,,,,,
927,,,,,,
1272,,,,,,
1852,,,,,,
768,,,,,,
698,,,,,,
740,,,,,,
996,,,,,,
891,,,,,,
681,,,,,,
1294,,,,,,
1033,,,,,,
653,,,,,,
700,,,,,,
695,,,,,,
673,,,,,,
692,,,,,,
1104,,,,,,
850,,,,,,
726,,,,,,
2997,,,,,,
1388,,,,,,
763,,,,,,
1032,,,,,,
686,,,,,,
875,,,,,,
783,,,,,,
1033,,,,,,
995,,,,,,
1167,,,,,,
1224,,,,,,
934,,,,,,
1427,,,,,,
1045,,,,,,
1525,,,,,,
920,,,,,,
2011,,,,,,
1679,,,,,,
1051,,,,,,
733,,,,,,
666,,,,,,
1485,,,,,,
1095,,,,,,
737,,,,,,
790,,,,,,
766,,,,,,
1189,,,,,,
1738,,,,,,
794,,,,,,
756,,,,,,
675,,,,,,
870,,,,,,
723,,,,,,
673,,,,,,
1755,,,,,,
1184,,,,,,
993,,,,,,
1610,,,,,,
1316,,,,,,
1449,,,,,,
1135,,,,,,
926,,,,,,
1659,,,,,,
745,,,,,,
654,,,,,,
1302,,,,,,
713,,,,,,
2954,,,,,,
2299,,,,,,
691,,,,,,
2250,,,,,,
696,,,,,,
2540,,,,,,
1358,,,,,,
711,,,,,,
949,,,,,,
1086,,,,,,
1752,,,,,,
791,,,,,,
638,,,,,,
3018,,,,,,
1540,,,,,,
720,,,,,,
1755,,,,,,
1124,,,,,,
1222,,,,,,
4286,,,,,,
741,,,,,,
656,,,,,,
751,,,,,,
1102,,,,,,
857,,,,,,
745,,,,,,
1109,,,,,,
5821,,,,,,
21768,,,,,,
9100,,,,,,
14132,,,,,,
15950,,,,,,
813,,,,,,
1595,,,,,,
3759,,,,,,
677,,,,,,
673,,,,,,
829,,,,,,
651,,,,,,
760,,,,,,
655,,,,,,
830,,,,,,
1988,,,,,,
659,,,,,,
660,,,,,,
646,,,,,,
1273,,,,,,
904,,,,,,
677,,,,,,
804,,,,,,
1211,,,,,,
634,,,,,,
687,,,,,,
1166,,,,,,
645,,,,,,
656,,,,,,
1383,,,,,,
673,,,,,,
1018,,,,,,
762,,,,,,
1637,,,,,,
2107,,,,,,
652,,,,,,
1589,,,,,,
743,,,,,,
968,,,,,,
667,,,,,,
743,,,,,,
1128,,,,,,
815,,,,,,
1125,,,,,,
640,,,,,,
807,,,,,,
987,,,,,,
764,,,,,,
884,,,,,,
2001,,,,,,
1026,,,,,,
742,,,,,,
1052,,,,,,
665,,,,,,
749,,,,,,
691,,,,,,
671,,,,,,
759,,,,,,
678,,,,,,
1558,,,,,,
644,,,,,,
702,,,,,,
678,,,,,,
1180,,,,,,
805,,,,,,
771,,,,,,
1946,,,,,,
719,,,,,,
2017,,,,,,
781,,,,,,
832,,,,,,
1160,,,,,,
1472,,,,,,
761,,,,,,
782,,,,,,
687,,,,,,
1450,,,,,,
669,,,,,,
929,,,,,,
2348,,,,,,
832,,,,,,
672,,,,,,
893,,,,,,
1234,,,,,,
657,,,,,,
1104,,,,,,
755,,,,,,
1088,,,,,,
683,,,,,,
763,,,,,,
664,,,,,,
745,,,,,,
1594,,,,,,
1393,,,,,,
1129,,,,,,
1170,,,,,,
704,,,,,,
753,,,,,,
682,,,,,,
827,,,,,,
925,,,,,,
790,,,,,,
708,,,,,,
1740,,,,,,
866,,,,,,
814,,,,,,
830,,,,,,
1526,,,,,,
704,,,,,,
799,,,,,,
691,,,,,,
643,,,,,,
686,,,,,,
726,,,,,,
718,,,,,,
1263,,,,,,
673,,,,,,
727,,,,,,
690,,,,,,
975,,,,,,
711,,,,,,
1282,,,,,,
652,,,,,,
689,,,,,,
1297,,,,,,
1294,,,,,,
6530,,,,,,
8328,,,,,,
679,,,,,,
767,,,,,,
843,,,,,,
902,,,,,,
1066,,,,,,
662,,,,,,
1535,,,,,,
1573,,,,,,
3776,,,,,,
780,,,,,,
651,,,,,,
1445,,,,,,
815,,,,,,
766,,,,,,
671,,,,,,
2225,,,,,,
1642,,,,,,
689,,,,,,
1450,,,,,,
727,,,,,,
728,,,,,,
998,,,,,,
1075,,,,,,
1312,,,,,,
717,,,,,,
662,,,,,,
660,,,,,,
692,,,,,,
993,,,,,,
1500,,,,,,
800,,,,,,
1364,,,,,,
782,,,,,,
2059,,,,,,
684,,,,,,
1144,,,,,,
667,,,,,,
2382,,,,,,
795,,,,,,
776,,,,,,
1301,,,,,,
1211,,,,,,
645,,,,,,
730,,,,,,
1042,,,,,,
1028,,,,,,
1375,,,,,,
988,,,,,,
648,,,,,,
2534,,,,,,
855,,,,,,
648,,,,,,
738,,,,,,
663,,,,,,
1379,,,,,,
660,,,,,,
732,,,,,,
1042,,,,,,
2806,,,,,,
1078,,,,,,
815,,,,,,
1676,,,,,,
1061,,,,,,
672,,,,,,
768,,,,,,
2096,,,,,,
1010,,,,,,
2117,,,,,,
1461,,,,,,
653,,,,,,
1688,,,,,,
1336,,,,,,
634,,,,,,
699,,,,,,
786,,,,,,
796,,,,,,
1091,,,,,,
1278,,,,,,
1675,,,,,,
644,,,,,,
668,,,,,,
716,,,,,,
963,,,,,,
666,,,,,,
619,,,,,,
1066,,,,,,
971,,,,,,
1691,,,,,,
670,,,,,,
797,,,,,,
1355,,,,,,
1156,,,,,,
703,,,,,,
851,,,,,,
1183,,,,,,
799,,,,,,
739,,,,,,
709,,,,,,
771,,,,,,
883,,,,,,
782,,,,,,
678,,,,,,
2191,,,,,,
1647,,,,,,
694,,,,,,
1024,,,,,,
815,,,,,,
790,,,,,,
797,,,,,,
686,,,,,,
1666,,,,,,
913,,,,,,
697,,,,,,
1465,,,,,,
1879,,,,,,
700,,,,,,
926,,,,,,
751,,,,,,
732,,,,,,
1063,,,,,,
677,,,,,,
2804,,,,,,
623,,,,,,
653,,,,,,
2007,,,,,,
663,,,,,,
1466,,,,,,
941,,,,,,
626,,,,,,
796,,,,,,
1387,,,,,,
1049,,,,,,
1666,,,,,,
1106,,,,,,
997,,,,,,
745,,,,,,
665,,,,,,
841,,,,,,
884,,,,,,
1630,,,,,,
3540,,,,,,
1629,,,,,,
1034,,,,,,
799,,,,,,
730,,,,,,
686,,,,,,
838,,,,,,
1109,,,,,,
687,,,,,,
1094,,,,,,
681,,,,,,
1644,,,,,,
912,,,,,,
1093,,,,,,
692,,,,,,
742,,,,,,
692,,,,,,
1030,,,,,,
885,,,,,,
924,,,,,,
764,,,,,,
825,,,,,,
1015,,,,,,
637,,,,,,
1688,,,,,,
664,,,,,,
738,,,,,,
717,,,,,,
1451,,,,,,
677,,,,,,
1344,,,,,,
878,,,,,,
677,,,,,,
1022,,,,,,
1734,,,,,,
717,,,,,,
997,,,,,,
749,,,,,,
754,,,,,,
1120,,,,,,
1103,,,,,,
711,,,,,,
736,,,,,,
1071,,,,,,
710,,,,,,
730,,,,,,
794,,,,,,
1122,,,,,,
707,,,,,,
1100,,,,,,
883,,,,,,
864,,,,,,
745,,,,,,
739,,,,,,
717,,,,,,
819,,,,,,
1163,,,,,,
696,,,,,,
693,,,,,,
672,,,,,,
1138,,,,,,
727,,,,,,
686,,,,,,
665,,,,,,
668,,,,,,
1327,,,,,,
791,,,,,,
709,,,,,,
710,,,,,,
693,,,,,,
848,,,,,,
811,,,,,,
705,,,,,,
985,,,,,,
809,,,,,,
707,,,,,,
756,,,,,,
740,,,,,,
682,,,,,,
1173,,,,,,
944,,,,,,
948,,,,,,
1137,,,,,,
793,,,,,,
664,,,,,,
689,,,,,,
714,,,,,,
775,,,,,,
994,,,,,,
640,,,,,,
805,,,,,,
1274,,,,,,
653,,,,,,
655,,,,,,
693,,,,,,
718,,,,,,
686,,,,,,
693,,,,,,
714,,,,,,
792,,,,,,
647,,,,,,
834,,,,,,
807,,,,,,
663,,,,,,
645,,,,,,
665,,,,,,
700,,,,,,
798,,,,,,
994,,,,,,
789,,,,,,
993,,,,,,
676,,,,,,
1403,,,,,,
707,,,,,,
886,,,,,,
749,,,,,,
711,,,,,,
727,,,,,,
704,,,,,,
679,,,,,,
688,,,,,,
896,,,,,,
1087,,,,,,
805,,,,,,
821,,,,,,
961,,,,,,
623,,,,,,
979,,,,,,
847,,,,,,
1087,,,,,,
1065,,,,,,
734,,,,,,
813,,,,,,
677,,,,,,
775,,,,,,
632,,,,,,
1071,,,,,,
694,,,,,,
676,,,,,,
752,,,,,,
755,,,,,,
697,,,,,,
846,,,,,,
696,,,,,,
837,,,,,,
713,,,,,,
682,,,,,,
863,,,,,,
705,,,,,,
948,,,,,,
786,,,,,,
728,,,,,,
1096,,,,,,
1182,,,,,,
632,,,,,,
782,,,,,,
727,,,,,,
689,,,,,,
1009,,,,,,
708,,,,,,
1093,,,,,,
700,,,,,,
705,,,,,,
664,,,,,,
733,,,,,,
1116,,,,,,
933,,,,,,
667,,,,,,
630,,,,,,
742,,,,,,
729,,,,,,
690,,,,,,
721,,,,,,
688,,,,,,
1227,,,,,,
705,,,,,,
718,,,,,,
690,,,,,,
1088,,,,,,
691,,,,,,
630,,,,,,
1069,,,,,,
668,,,,,,
808,,,,,,
709,,,,,,
901,,,,,,
1099,,,,,,
666,,,,,,
657,,,,,,
726,,,,,,
688,,,,,,
652,,,,,,
995,,,,,,
749,,,,,,
767,,,,,,
701,,,,,,
709,,,,,,
739,,,,,,
843,,,,,,
681,,,,,,
724,,,,,,
786,,,,,,
857,,,,,,
647,,,,,,
682,,,,,,
1013,,,,,,
923,,,,,,
664,,,,,,
883,,,,,,
701,,,,,,
685,,,,,,
726,,,,,,
825,,,,,,
920,,,,,,
1078,,,,,,
2098,,,,,,
939,,,,,,
1047,,,,,,
1008,,,,,,
657,,,,,,
928,,,,,,
791,,,,,,
898,,,,,,
1063,,,,,,
667,,,,,,
791,,,,,,
749,,,,,,
635,,,,,,
1297,,,,,,
721,,,,,,
718,,,,,,
705,,,,,,
760,,,,,,
678,,,,,,
772,,,,,,
663,,,,,,
811,,,,,,
748,,,,,,
1392,,,,,,
647,,,,,,
800,,,,,,
1172,,,,,,
996,,,,,,
1167,,,,,,
941,,,,,,
959,,,,,,
669,,,,,,
1001,,,,,,
1046,,,,,,
652,,,,,,
1437,,,,,,
788,,,,,,
1114,,,,,,
748,,,,,,
652,,,,,,
840,,,,,,
732,,,,,,
639,,,,,,
1067,,,,,,
1233,,,,,,
646,,,,,,
1511,,,,,,
1729,,,,,,
657,,,,,,
662,,,,,,
737,,,,,,
1761,,,,,,
684,,,,,,
722,,,,,,
795,,,,,,
659,,,,,,
4212,,,,,,
1363,,,,,,
920,,,,,,
826,,,,,,
2173,,,,,,
686,,,,,,
915,,,,,,
1060,,,,,,
3109,,,,,,
1144,,,,,,
659,,,,,,
1013,,,,,,
665,,,,,,
731,,,,,,
1259,,,,,,
679,,,,,,
6051,,,,,,
693,,,,,,
794,,,,,,
685,,,,,,
802,,,,,,
692,,,,,,
649,,,,,,
997,,,,,,
1188,,,,,,
1180,,,,,,
1253,,,,,,
639,,,,,,
721,,,,,,
987,,,,,,
1146,,,,,,
1449,,,,,,
755,,,,,,
690,,,,,,
731,,,,,,
672,,,,,,
712,,,,,,
736,,,,,,
767,,,,,,
942,,,,,,
2162,,,,,,
670,,,,,,
807,,,,,,
1816,,,,,,
830,,,,,,
1248,,,,,,
1109,,,,,,
763,,,,,,
1510,,,,,,
693,,,,,,
748,,,,,,
1240,,,,,,
900,,,,,,
2100,,,,,,
1180,,,,,,
1260,,,,,,
940,,,,,,
1197,,,,,,
1060,,,,,,
923,,,,,,
1819,,,,,,
742,,,,,,
764,,,,,,
761,,,,,,
709,,,,,,
781,,,,,,
994,,,,,,
777,,,,,,
1501,,,,,,
677,,,,,,
736,,,,,,
835,,,,,,
1704,,,,,,
658,,,,,,
1478,,,,,,
1563,,,,,,
1937,,,,,,
939,,,,,,
715,,,,,,
826,,,,,,
771,,,,,,
924,,,,,,
702,,,,,,
672,,,,,,
2061,,,,,,
695,,,,,,
994,,,,,,
747,,,,,,
1001,,,,,,
849,,,,,,
760,,,,,,
767,,,,,,
1245,,,,,,
703,,,,,,
735,,,,,,
1266,,,,,,
746,,,,,,
1203,,,,,,
1754,,,,,,
1635,,,,,,
757,,,,,,
726,,,,,,
1021,,,,,,
1534,,,,,,
850,,,,,,
692,,,,,,
765,,,,,,
803,,,,,,
1898,,,,,,
994,,,,,,
808,,,,,,
728,,,,,,
672,,,,,,
990,,,,,,
681,,,,,,
680,,,,,,
699,,,,,,
748,,,,,,
1096,,,,,,
1941,,,,,,
1575,,,,,,
737,,,,,,
739,,,,,,
763,,,,,,
826,,,,,,
1135,,,,,,
713,,,,,,
719,,,,,,
690,,,,,,
2482,,,,,,
837,,,,,,
1030,,,,,,
1889,,,,,,
728,,,,,,
4137,,,,,,
748,,,,,,
1071,,,,,,
1011,,,,,,
721,,,,,,
1034,,,,,,
702,,,,,,
1009,,,,,,
826,,,,,,
1096,,,,,,
1097,,,,,,
685,,,,,,
825,,,,,,
762,,,,,,
863,,,,,,
693,,,,,,
632,,,,,,
1171,,,,,,
760,,,,,,
733,,,,,,
1003,,,,,,
726,,,,,,
996,,,,,,
992,,,,,,
1006,,,,,,
1709,,,,,,
768,,,,,,
647,,,,,,
841,,,,,,
679,,,,,,
951,,,,,,
767,,,,,,
984,,,,,,
664,,,,,,
1099,,,,,,
1040,,,,,,
981,,,,,,
1017,,,,,,
649,,,,,,
674,,,,,,
673,,,,,,
720,,,,,,
867,,,,,,
771,,,,,,
641,,,,,,
803,,,,,,
813,,,,,,
1221,,,,,,
782,,,,,,
758,,,,,,
649,,,,,,
651,,,,,,
1061,,,,,,
965,,,,,,
839,,,,,,
979,,,,,,
1531,,,,,,
785,,,,,,
925,,,,,,
777,,,,,,
835,,,,,,
781,,,,,,
1632,,,,,,
783,,,,,,
656,,,,,,
822,,,,,,
772,,,,,,
814,,,,,,
695,,,,,,
787,,,,,,
1067,,,,,,
793,,,,,,
748,,,,,,
766,,,,,,
1071,,,,,,
786,,,,,,
1359,,,,,,
673,,,,,,
898,,,,,,
625,,,,,,
706,,,,,,
713,,,,,,
734,,,,,,
1027,,,,,,
797,,,,,,
747,,,,,,
759,,,,,,
876,,,,,,
818,,,,,,
636,,,,,,
672,,,,,,
959,,,,,,
693,,,,,,
816,,,,,,
1069,,,,,,
1094,,,,,,
782,,,,,,
1062,,,,,,
640,,,,,,
804,,,,,,
627,,,,,,
711,,,,,,
839,,,,,,
725,,,,,,
1283,,,,,,
762,,,,,,
1475,,,,,,
677,,,,,,
714,,,,,,
996,,,,,,
693,,,,,,
851,,,,,,
685,,,,,,
872,,,,,,
900,,,,,,
711,,,,,,
723,,,,,,
900,,,,,,
659,,,,,,
735,,,,,,
653,,,,,,
681,,,,,,
779,,,,,,
727,,,,,,
1463,,,,,,
941,,,,,,
761,,,,,,
819,,,,,,
692,,,,,,
657,,,,,,
752,,,,,,
1010,,,,,,
931,,,,,,
1215,,,,,,
799,,,,,,
944,,,,,,
769,,,,,,
662,,,,,,
836,,,,,,
757,,,,,,
1095,,,,,,
788,,,,,,
754,,,,,,
1007,,,,,,
1288,,,,,,
4000,,,,,,
3716,,,,,,
771,,,,,,
667,,,,,,
655,,,,,,
802,,,,,,
912,,,,,,
731,,,,,,
702,,,,,,
1219,,,,,,
666,,,,,,
766,,,,,,
826,,,,,,
705,,,,,,
699,,,,,,
1203,,,,,,
1001,,,,,,
1149,,,,,,
2129,,,,,,
1038,,,,,,
662,,,,,,
1044,,,,,,
726,,,,,,
678,,,,,,
790,,,,,,
724,,,,,,
672,,,,,,
741,,,,,,
860,,,,,,
1541,,,,,,
990,,,,,,
678,,,,,,
881,,,,,,
895,,,,,,
753,,,,,,
726,,,,,,
639,,,,,,
1022,,,,,,
682,,,,,,
680,,,,,,
713,,,,,,
1048,,,,,,
1065,,,,,,
695,,,,,,
716,,,,,,
867,,,,,,
743,,,,,,
678,,,,,,
705,,,,,,
817,,,,,,
759,,,,,,
897,,,,,,
674,,,,,,
687,,,,,,
846,,,,,,
641,,,,,,
757,,,,,,
667,,,,,,
738,,,,,,
1073,,,,,,
1045,,,,,,
733,,,,,,
715,,,,,,
635,,,,,,
618,,,,,,
706,,,,,,
805,,,,,,
765,,,,,,
860,,,,,,
790,,,,,,
958,,,,,,
706,,,,,,
826,,,,,,
704,,,,,,
772,,,,,,
1176,,,,,,
698,,,,,,
1020,,,,,,
942,,,,,,
776,,,,,,
719,,,,,,
629,,,,,,
638,,,,,,
726,,,,,,
732,,,,,,
724,,,,,,
686,,,,,,
663,,,,,,
827,,,,,,
1542,,,,,,
813,,,,,,
657,,,,,,
918,,,,,,
740,,,,,,
861,,,,,,
705,,,,,,
720,,,,,,
739,,,,,,
730,,,,,,
927,,,,,,
642,,,,,,
706,,,,,,
739,,,,,,
