832,,,,
837,,,Requests,2.808333333
856,,,Min,832
875,,,Max,7199
895,,,Average,1410.68546
897,,,90 percentile,1718.6
899,,,#of Requests which took longer than,
899,,,2 seconds,16
909,,,1.5 seconds,71
909,,,Total request,337
910,,,,
910,,,,
911,,,,
918,,,,
920,,,,
921,,,,
924,,,,
934,,,,
941,,,,
962,,,,
963,,,,
965,,,,
968,,,,
968,,,,
969,,,,
970,,,,
976,,,,
979,,,,
980,,,,
980,,,,
985,,,,
993,,,,
996,,,,
1000,,,,
1004,,,,
1008,,,,
1008,,,,
1009,,,,
1016,,,,
1017,,,,
1018,,,,
1020,,,,
1021,,,,
1023,,,,
1029,,,,
1034,,,,
1035,,,,
1039,,,,
1044,,,,
1044,,,,
1045,,,,
1046,,,,
1049,,,,
1049,,,,
1053,,,,
1053,,,,
1056,,,,
1058,,,,
1059,,,,
1060,,,,
1066,,,,
1068,,,,
1069,,,,
1071,,,,
1072,,,,
1073,,,,
1075,,,,
1077,,,,
1077,,,,
1083,,,,
1083,,,,
1083,,,,
1083,,,,
1085,,,,
1086,,,,
1087,,,,
1095,,,,
1096,,,,
1102,,,,
1102,,,,
1103,,,,
1105,,,,
1105,,,,
1106,,,,
1106,,,,
1109,,,,
1112,,,,
1117,,,,
1118,,,,
1120,,,,
1122,,,,
1128,,,,
1129,,,,
1129,,,,
1129,,,,
1131,,,,
1131,,,,
1133,,,,
1137,,,,
1140,,,,
1140,,,,
1140,,,,
1140,,,,
1141,,,,
1141,,,,
1142,,,,
1144,,,,
1144,,,,
1147,,,,
1150,,,,
1150,,,,
1151,,,,
1152,,,,
1153,,,,
1154,,,,
1158,,,,
1158,,,,
1158,,,,
1159,,,,
1159,,,,
1159,,,,
1160,,,,
1162,,,,
1163,,,,
1165,,,,
1167,,,,
1168,,,,
1171,,,,
1172,,,,
1174,,,,
1174,,,,
1175,,,,
1175,,,,
1175,,,,
1176,,,,
1177,,,,
1177,,,,
1177,,,,
1179,,,,
1179,,,,
1180,,,,
1180,,,,
1181,,,,
1182,,,,
1183,,,,
1184,,,,
1185,,,,
1187,,,,
1187,,,,
1187,,,,
1188,,,,
1191,,,,
1194,,,,
1196,,,,
1202,,,,
1202,,,,
1202,,,,
1203,,,,
1205,,,,
1206,,,,
1207,,,,
1207,,,,
1208,,,,
1211,,,,
1211,,,,
1212,,,,
1213,,,,
1213,,,,
1215,,,,
1221,,,,
1222,,,,
1222,,,,
1223,,,,
1224,,,,
1226,,,,
1229,,,,
1229,,,,
1240,,,,
1240,,,,
1245,,,,
1247,,,,
1247,,,,
1252,,,,
1255,,,,
1256,,,,
1258,,,,
1262,,,,
1267,,,,
1267,,,,
1268,,,,
1269,,,,
1271,,,,
1271,,,,
1272,,,,
1272,,,,
1275,,,,
1275,,,,
1280,,,,
1283,,,,
1287,,,,
1287,,,,
1288,,,,
1288,,,,
1290,,,,
1291,,,,
1292,,,,
1297,,,,
1297,,,,
1299,,,,
1299,,,,
1308,,,,
1308,,,,
1309,,,,
1309,,,,
1314,,,,
1317,,,,
1318,,,,
1319,,,,
1319,,,,
1320,,,,
1322,,,,
1322,,,,
1322,,,,
1323,,,,
1325,,,,
1326,,,,
1328,,,,
1333,,,,
1335,,,,
1336,,,,
1336,,,,
1338,,,,
1341,,,,
1342,,,,
1351,,,,
1355,,,,
1358,,,,
1363,,,,
1370,,,,
1375,,,,
1377,,,,
1379,,,,
1385,,,,
1390,,,,
1396,,,,
1414,,,,
1415,,,,
1417,,,,
1418,,,,
1419,,,,
1419,,,,
1420,,,,
1425,,,,
1430,,,,
1432,,,,
1436,,,,
1437,,,,
1437,,,,
1451,,,,
1464,,,,
1467,,,,
1469,,,,
1472,,,,
1476,,,,
1486,,,,
1498,,,,
1503,,,,
1505,,,,
1509,,,,
1513,,,,
1514,,,,
1514,,,,
1515,,,,
1516,,,,
1523,,,,
1525,,,,
1528,,,,
1536,,,,
1537,,,,
1537,,,,
1538,,,,
1541,,,,
1541,,,,
1547,,,,
1548,,,,
1551,,,,
1557,,,,
1560,,,,
1564,,,,
1567,,,,
1571,,,,
1602,,,,
1612,,,,
1614,,,,
1617,,,,
1623,,,,
1625,,,,
1634,,,,
1638,,,,
1642,,,,
1643,,,,
1658,,,,
1715,,,,
1724,,,,
1766,,,,
1817,,,,
1846,,,,
1849,,,,
1857,,,,
1862,,,,
1880,,,,
1901,,,,
1904,,,,
1915,,,,
1923,,,,
1925,,,,
1935,,,,
1944,,,,
1945,,,,
1946,,,,
1952,,,,
2211,,,,
2222,,,,
2226,,,,
2231,,,,
2238,,,,
2239,,,,
2251,,,,
2461,,,,
2467,,,,
7155,,,,
7167,,,,
7167,,,,
7167,,,,
7167,,,,
7186,,,,
7199,,,,