5510,,,,,,,,670
1616,,,,,,,,697
1488,,,,,,,,700
1750,,,,,,,,700
1591,,,Min,670,,,,700
1234,,,Max,5515,,,,704
1108,,,Average,956.5510725,,,,706
1116,,,90%,1250,,,,707
992,,,RPS,6.526666667,,,,707
1209,,,99%,1668.08,,,,709
1132,,,,,,,,709
1504,,,,,,,,711
1070,,,,,,,,713
1483,,,,,,,,715
972,,,,,,,,715
1398,,,,,,,,716
965,,,,,,,,719
1435,,,,,,,,719
1121,,,,,,,,720
1163,,,,,,,,722
950,,,,,,,,723
988,,,,,,,,724
945,,,,,,,,724
961,,,,,,,,724
1084,,,,,,,,725
857,,,,,,,,725
925,,,,,,,,725
931,,,,,,,,725
870,,,,,,,,726
882,,,,,,,,727
854,,,,,,,,727
862,,,,,,,,728
1254,,,,,,,,728
817,,,,,,,,729
1396,,,,,,,,729
948,,,,,,,,729
766,,,,,,,,731
1020,,,,,,,,731
791,,,,,,,,732
881,,,,,,,,732
903,,,,,,,,733
830,,,,,,,,733
888,,,,,,,,734
866,,,,,,,,734
1397,,,,,,,,734
913,,,,,,,,734
768,,,,,,,,734
861,,,,,,,,735
952,,,,,,,,736
800,,,,,,,,736
946,,,,,,,,737
852,,,,,,,,738
845,,,,,,,,738
836,,,,,,,,738
779,,,,,,,,738
928,,,,,,,,738
1201,,,,,,,,739
811,,,,,,,,739
920,,,,,,,,740
954,,,,,,,,740
817,,,,,,,,742
821,,,,,,,,742
842,,,,,,,,742
771,,,,,,,,742
792,,,,,,,,743
927,,,,,,,,743
862,,,,,,,,743
770,,,,,,,,745
781,,,,,,,,745
938,,,,,,,,745
866,,,,,,,,746
837,,,,,,,,746
888,,,,,,,,746
1248,,,,,,,,747
958,,,,,,,,747
929,,,,,,,,747
1015,,,,,,,,747
1084,,,,,,,,748
1142,,,,,,,,748
870,,,,,,,,748
992,,,,,,,,749
995,,,,,,,,749
935,,,,,,,,749
1125,,,,,,,,750
924,,,,,,,,750
823,,,,,,,,750
891,,,,,,,,750
816,,,,,,,,751
1305,,,,,,,,751
834,,,,,,,,751
821,,,,,,,,751
860,,,,,,,,752
846,,,,,,,,752
792,,,,,,,,753
862,,,,,,,,753
911,,,,,,,,753
1146,,,,,,,,753
916,,,,,,,,753
939,,,,,,,,754
1037,,,,,,,,754
807,,,,,,,,754
1087,,,,,,,,754
1082,,,,,,,,755
892,,,,,,,,755
1046,,,,,,,,756
1016,,,,,,,,756
841,,,,,,,,756
857,,,,,,,,757
1016,,,,,,,,757
1289,,,,,,,,758
849,,,,,,,,759
873,,,,,,,,759
1063,,,,,,,,759
912,,,,,,,,759
1211,,,,,,,,759
1078,,,,,,,,759
1305,,,,,,,,759
1008,,,,,,,,760
831,,,,,,,,760
869,,,,,,,,760
738,,,,,,,,760
822,,,,,,,,761
781,,,,,,,,761
837,,,,,,,,761
707,,,,,,,,761
827,,,,,,,,762
896,,,,,,,,762
1075,,,,,,,,762
827,,,,,,,,762
880,,,,,,,,763
1051,,,,,,,,763
802,,,,,,,,763
754,,,,,,,,763
926,,,,,,,,763
763,,,,,,,,763
889,,,,,,,,764
813,,,,,,,,764
791,,,,,,,,764
864,,,,,,,,764
911,,,,,,,,764
1084,,,,,,,,765
1423,,,,,,,,765
1011,,,,,,,,765
967,,,,,,,,765
826,,,,,,,,766
825,,,,,,,,766
1107,,,,,,,,766
816,,,,,,,,767
791,,,,,,,,767
881,,,,,,,,768
926,,,,,,,,768
782,,,,,,,,768
812,,,,,,,,768
838,,,,,,,,768
865,,,,,,,,768
821,,,,,,,,768
847,,,,,,,,768
832,,,,,,,,768
816,,,,,,,,768
865,,,,,,,,769
834,,,,,,,,769
823,,,,,,,,769
920,,,,,,,,769
843,,,,,,,,769
904,,,,,,,,770
729,,,,,,,,770
821,,,,,,,,770
995,,,,,,,,770
835,,,,,,,,770
1139,,,,,,,,770
835,,,,,,,,771
809,,,,,,,,771
876,,,,,,,,771
821,,,,,,,,771
840,,,,,,,,772
1080,,,,,,,,772
757,,,,,,,,772
785,,,,,,,,773
798,,,,,,,,773
727,,,,,,,,773
806,,,,,,,,773
809,,,,,,,,773
1244,,,,,,,,774
1210,,,,,,,,774
889,,,,,,,,774
822,,,,,,,,774
827,,,,,,,,774
903,,,,,,,,774
998,,,,,,,,775
862,,,,,,,,775
819,,,,,,,,775
1442,,,,,,,,775
1057,,,,,,,,775
1357,,,,,,,,775
754,,,,,,,,776
892,,,,,,,,776
995,,,,,,,,776
805,,,,,,,,776
1378,,,,,,,,776
805,,,,,,,,776
966,,,,,,,,776
935,,,,,,,,776
907,,,,,,,,777
1326,,,,,,,,777
1026,,,,,,,,777
1420,,,,,,,,777
1034,,,,,,,,777
1312,,,,,,,,777
1010,,,,,,,,777
822,,,,,,,,777
903,,,,,,,,777
804,,,,,,,,778
1383,,,,,,,,778
1033,,,,,,,,778
1386,,,,,,,,778
1080,,,,,,,,778
1309,,,,,,,,778
1345,,,,,,,,778
1099,,,,,,,,779
910,,,,,,,,779
799,,,,,,,,779
771,,,,,,,,779
734,,,,,,,,779
769,,,,,,,,780
777,,,,,,,,780
858,,,,,,,,780
836,,,,,,,,780
815,,,,,,,,780
836,,,,,,,,780
792,,,,,,,,780
873,,,,,,,,780
732,,,,,,,,780
738,,,,,,,,780
894,,,,,,,,781
827,,,,,,,,781
747,,,,,,,,781
877,,,,,,,,781
875,,,,,,,,781
837,,,,,,,,781
801,,,,,,,,782
868,,,,,,,,782
795,,,,,,,,782
803,,,,,,,,782
769,,,,,,,,783
761,,,,,,,,783
866,,,,,,,,783
759,,,,,,,,783
1038,,,,,,,,783
942,,,,,,,,784
1001,,,,,,,,784
1330,,,,,,,,784
843,,,,,,,,784
936,,,,,,,,784
786,,,,,,,,784
797,,,,,,,,784
725,,,,,,,,785
761,,,,,,,,785
790,,,,,,,,785
891,,,,,,,,785
869,,,,,,,,785
750,,,,,,,,786
855,,,,,,,,786
777,,,,,,,,786
873,,,,,,,,787
772,,,,,,,,787
777,,,,,,,,788
1295,,,,,,,,788
2073,,,,,,,,788
1700,,,,,,,,788
898,,,,,,,,789
819,,,,,,,,789
773,,,,,,,,789
765,,,,,,,,789
936,,,,,,,,789
812,,,,,,,,789
815,,,,,,,,789
823,,,,,,,,789
820,,,,,,,,789
824,,,,,,,,789
791,,,,,,,,789
801,,,,,,,,790
899,,,,,,,,790
1230,,,,,,,,790
780,,,,,,,,790
751,,,,,,,,790
916,,,,,,,,790
887,,,,,,,,790
753,,,,,,,,791
1055,,,,,,,,791
908,,,,,,,,791
992,,,,,,,,791
1020,,,,,,,,791
751,,,,,,,,791
1032,,,,,,,,791
988,,,,,,,,791
943,,,,,,,,792
878,,,,,,,,792
964,,,,,,,,792
1197,,,,,,,,792
865,,,,,,,,792
920,,,,,,,,792
855,,,,,,,,792
781,,,,,,,,792
786,,,,,,,,792
799,,,,,,,,792
819,,,,,,,,792
1497,,,,,,,,793
1093,,,,,,,,793
1001,,,,,,,,793
837,,,,,,,,793
768,,,,,,,,794
1265,,,,,,,,794
844,,,,,,,,794
1010,,,,,,,,794
808,,,,,,,,794
1059,,,,,,,,795
1194,,,,,,,,795
1126,,,,,,,,795
1224,,,,,,,,795
913,,,,,,,,795
795,,,,,,,,795
945,,,,,,,,795
1043,,,,,,,,795
1106,,,,,,,,796
799,,,,,,,,796
918,,,,,,,,796
971,,,,,,,,796
808,,,,,,,,796
1424,,,,,,,,796
953,,,,,,,,797
852,,,,,,,,797
889,,,,,,,,797
789,,,,,,,,798
1253,,,,,,,,798
800,,,,,,,,798
755,,,,,,,,798
881,,,,,,,,798
733,,,,,,,,798
844,,,,,,,,798
896,,,,,,,,798
836,,,,,,,,798
817,,,,,,,,799
807,,,,,,,,799
855,,,,,,,,799
847,,,,,,,,799
937,,,,,,,,799
933,,,,,,,,799
1300,,,,,,,,799
759,,,,,,,,799
767,,,,,,,,799
929,,,,,,,,799
890,,,,,,,,799
784,,,,,,,,799
792,,,,,,,,799
817,,,,,,,,800
780,,,,,,,,800
844,,,,,,,,800
871,,,,,,,,800
728,,,,,,,,800
850,,,,,,,,800
789,,,,,,,,800
789,,,,,,,,800
868,,,,,,,,800
791,,,,,,,,800
776,,,,,,,,801
888,,,,,,,,801
833,,,,,,,,801
848,,,,,,,,801
837,,,,,,,,801
746,,,,,,,,801
709,,,,,,,,801
1086,,,,,,,,802
1019,,,,,,,,802
1325,,,,,,,,802
875,,,,,,,,802
898,,,,,,,,802
857,,,,,,,,802
1056,,,,,,,,802
1248,,,,,,,,802
901,,,,,,,,803
941,,,,,,,,803
1008,,,,,,,,803
987,,,,,,,,803
962,,,,,,,,803
868,,,,,,,,803
735,,,,,,,,803
798,,,,,,,,803
914,,,,,,,,803
953,,,,,,,,804
1051,,,,,,,,804
1014,,,,,,,,804
1140,,,,,,,,804
916,,,,,,,,804
5495,,,,,,,,804
1579,,,,,,,,805
1464,,,,,,,,805
1827,,,,,,,,805
1629,,,,,,,,806
1200,,,,,,,,806
1057,,,,,,,,806
1168,,,,,,,,806
955,,,,,,,,806
1254,,,,,,,,806
1085,,,,,,,,806
1534,,,,,,,,806
1072,,,,,,,,806
1447,,,,,,,,806
1086,,,,,,,,807
1297,,,,,,,,807
958,,,,,,,,807
1487,,,,,,,,807
1130,,,,,,,,808
1122,,,,,,,,808
948,,,,,,,,808
1012,,,,,,,,808
932,,,,,,,,808
952,,,,,,,,808
1093,,,,,,,,809
873,,,,,,,,809
918,,,,,,,,809
950,,,,,,,,809
951,,,,,,,,809
1234,,,,,,,,809
877,,,,,,,,810
921,,,,,,,,810
967,,,,,,,,810
913,,,,,,,,811
1502,,,,,,,,811
876,,,,,,,,811
895,,,,,,,,811
880,,,,,,,,811
893,,,,,,,,811
1221,,,,,,,,811
902,,,,,,,,811
1864,,,,,,,,812
920,,,,,,,,812
1260,,,,,,,,812
823,,,,,,,,812
928,,,,,,,,812
893,,,,,,,,812
853,,,,,,,,812
887,,,,,,,,812
868,,,,,,,,812
821,,,,,,,,812
1288,,,,,,,,812
833,,,,,,,,813
851,,,,,,,,813
832,,,,,,,,813
888,,,,,,,,813
795,,,,,,,,813
910,,,,,,,,813
829,,,,,,,,813
834,,,,,,,,814
834,,,,,,,,814
789,,,,,,,,815
773,,,,,,,,815
923,,,,,,,,815
861,,,,,,,,815
803,,,,,,,,815
759,,,,,,,,815
940,,,,,,,,815
883,,,,,,,,815
840,,,,,,,,815
856,,,,,,,,815
1227,,,,,,,,815
1020,,,,,,,,815
905,,,,,,,,815
997,,,,,,,,815
1095,,,,,,,,816
1133,,,,,,,,816
873,,,,,,,,816
991,,,,,,,,816
993,,,,,,,,816
947,,,,,,,,816
1102,,,,,,,,816
1021,,,,,,,,817
815,,,,,,,,817
924,,,,,,,,817
814,,,,,,,,817
1192,,,,,,,,817
891,,,,,,,,817
835,,,,,,,,817
873,,,,,,,,818
802,,,,,,,,818
846,,,,,,,,818
820,,,,,,,,818
881,,,,,,,,818
1130,,,,,,,,819
961,,,,,,,,819
863,,,,,,,,819
1068,,,,,,,,819
873,,,,,,,,819
1034,,,,,,,,819
1067,,,,,,,,819
940,,,,,,,,819
994,,,,,,,,819
1031,,,,,,,,819
806,,,,,,,,820
884,,,,,,,,820
1055,,,,,,,,820
1250,,,,,,,,820
892,,,,,,,,820
955,,,,,,,,820
1002,,,,,,,,820
934,,,,,,,,820
1120,,,,,,,,821
1034,,,,,,,,821
1346,,,,,,,,821
1013,,,,,,,,821
1312,,,,,,,,821
1001,,,,,,,,821
813,,,,,,,,821
943,,,,,,,,821
830,,,,,,,,821
745,,,,,,,,821
831,,,,,,,,821
842,,,,,,,,821
1369,,,,,,,,821
976,,,,,,,,821
919,,,,,,,,822
806,,,,,,,,822
815,,,,,,,,822
742,,,,,,,,822
861,,,,,,,,822
860,,,,,,,,822
860,,,,,,,,822
747,,,,,,,,822
763,,,,,,,,822
839,,,,,,,,822
823,,,,,,,,823
1056,,,,,,,,823
1423,,,,,,,,823
1011,,,,,,,,823
1263,,,,,,,,823
860,,,,,,,,823
928,,,,,,,,823
856,,,,,,,,823
861,,,,,,,,823
872,,,,,,,,823
942,,,,,,,,823
912,,,,,,,,824
1153,,,,,,,,824
843,,,,,,,,824
769,,,,,,,,824
887,,,,,,,,824
856,,,,,,,,824
837,,,,,,,,824
853,,,,,,,,824
886,,,,,,,,824
960,,,,,,,,825
794,,,,,,,,825
832,,,,,,,,825
875,,,,,,,,825
907,,,,,,,,825
803,,,,,,,,825
1285,,,,,,,,826
927,,,,,,,,826
854,,,,,,,,826
779,,,,,,,,826
796,,,,,,,,826
788,,,,,,,,826
905,,,,,,,,826
816,,,,,,,,826
826,,,,,,,,826
1124,,,,,,,,826
780,,,,,,,,826
760,,,,,,,,827
864,,,,,,,,827
837,,,,,,,,827
1302,,,,,,,,827
1394,,,,,,,,827
1085,,,,,,,,827
878,,,,,,,,827
868,,,,,,,,827
818,,,,,,,,827
904,,,,,,,,827
934,,,,,,,,827
949,,,,,,,,828
945,,,,,,,,828
1230,,,,,,,,828
1080,,,,,,,,828
1285,,,,,,,,828
800,,,,,,,,828
950,,,,,,,,828
973,,,,,,,,828
804,,,,,,,,829
1372,,,,,,,,829
821,,,,,,,,829
961,,,,,,,,829
963,,,,,,,,829
859,,,,,,,,829
1334,,,,,,,,829
1097,,,,,,,,830
1354,,,,,,,,830
1023,,,,,,,,830
1323,,,,,,,,830
979,,,,,,,,830
831,,,,,,,,830
898,,,,,,,,831
855,,,,,,,,831
1355,,,,,,,,831
1032,,,,,,,,831
1321,,,,,,,,831
1134,,,,,,,,831
1304,,,,,,,,832
1105,,,,,,,,832
1362,,,,,,,,832
889,,,,,,,,832
815,,,,,,,,832
841,,,,,,,,832
896,,,,,,,,832
734,,,,,,,,832
715,,,,,,,,833
815,,,,,,,,833
828,,,,,,,,833
770,,,,,,,,833
880,,,,,,,,833
748,,,,,,,,833
859,,,,,,,,833
770,,,,,,,,833
775,,,,,,,,834
860,,,,,,,,834
867,,,,,,,,834
752,,,,,,,,834
851,,,,,,,,834
783,,,,,,,,834
883,,,,,,,,834
770,,,,,,,,834
876,,,,,,,,834
888,,,,,,,,834
821,,,,,,,,835
853,,,,,,,,835
700,,,,,,,,835
803,,,,,,,,835
743,,,,,,,,835
979,,,,,,,,835
953,,,,,,,,835
966,,,,,,,,835
1250,,,,,,,,835
941,,,,,,,,835
943,,,,,,,,835
813,,,,,,,,835
837,,,,,,,,836
809,,,,,,,,836
780,,,,,,,,836
825,,,,,,,,836
774,,,,,,,,836
798,,,,,,,,836
803,,,,,,,,836
864,,,,,,,,837
780,,,,,,,,837
873,,,,,,,,837
824,,,,,,,,837
761,,,,,,,,837
1516,,,,,,,,837
1896,,,,,,,,837
1516,,,,,,,,837
901,,,,,,,,837
798,,,,,,,,837
818,,,,,,,,837
762,,,,,,,,837
920,,,,,,,,837
811,,,,,,,,837
864,,,,,,,,838
788,,,,,,,,838
840,,,,,,,,838
815,,,,,,,,838
843,,,,,,,,839
835,,,,,,,,839
858,,,,,,,,839
1165,,,,,,,,839
803,,,,,,,,839
738,,,,,,,,839
907,,,,,,,,839
888,,,,,,,,839
777,,,,,,,,840
1017,,,,,,,,840
938,,,,,,,,840
971,,,,,,,,840
1044,,,,,,,,840
731,,,,,,,,840
1025,,,,,,,,840
1012,,,,,,,,840
921,,,,,,,,840
897,,,,,,,,840
959,,,,,,,,841
1201,,,,,,,,841
883,,,,,,,,841
894,,,,,,,,841
834,,,,,,,,841
853,,,,,,,,841
778,,,,,,,,841
841,,,,,,,,841
1353,,,,,,,,842
869,,,,,,,,842
1075,,,,,,,,842
1087,,,,,,,,842
780,,,,,,,,842
774,,,,,,,,842
1257,,,,,,,,842
859,,,,,,,,842
993,,,,,,,,843
873,,,,,,,,843
869,,,,,,,,843
1319,,,,,,,,843
1127,,,,,,,,843
1232,,,,,,,,843
961,,,,,,,,843
773,,,,,,,,843
917,,,,,,,,843
1046,,,,,,,,843
1107,,,,,,,,844
811,,,,,,,,844
910,,,,,,,,844
1023,,,,,,,,844
814,,,,,,,,844
1348,,,,,,,,844
960,,,,,,,,844
862,,,,,,,,844
866,,,,,,,,844
863,,,,,,,,845
1178,,,,,,,,845
840,,,,,,,,845
776,,,,,,,,846
839,,,,,,,,846
746,,,,,,,,846
839,,,,,,,,846
898,,,,,,,,846
887,,,,,,,,846
811,,,,,,,,846
797,,,,,,,,847
857,,,,,,,,847
815,,,,,,,,847
927,,,,,,,,847
906,,,,,,,,847
850,,,,,,,,847
742,,,,,,,,847
848,,,,,,,,847
800,,,,,,,,847
846,,,,,,,,847
785,,,,,,,,847
810,,,,,,,,848
771,,,,,,,,848
789,,,,,,,,848
841,,,,,,,,849
950,,,,,,,,849
795,,,,,,,,849
756,,,,,,,,849
792,,,,,,,,849
879,,,,,,,,849
821,,,,,,,,850
873,,,,,,,,850
763,,,,,,,,850
853,,,,,,,,850
877,,,,,,,,850
931,,,,,,,,851
1064,,,,,,,,851
836,,,,,,,,851
754,,,,,,,,851
1050,,,,,,,,852
1040,,,,,,,,852
1322,,,,,,,,852
799,,,,,,,,852
1052,,,,,,,,852
811,,,,,,,,852
1016,,,,,,,,853
1248,,,,,,,,853
900,,,,,,,,853
951,,,,,,,,853
1419,,,,,,,,853
966,,,,,,,,853
826,,,,,,,,853
801,,,,,,,,854
774,,,,,,,,854
871,,,,,,,,854
823,,,,,,,,854
776,,,,,,,,854
1013,,,,,,,,854
1015,,,,,,,,854
1137,,,,,,,,854
901,,,,,,,,855
5490,,,,,,,,855
1779,,,,,,,,855
1493,,,,,,,,855
1603,,,,,,,,855
1598,,,,,,,,855
1120,,,,,,,,855
1026,,,,,,,,855
1038,,,,,,,,856
948,,,,,,,,856
1019,,,,,,,,856
854,,,,,,,,856
954,,,,,,,,856
1332,,,,,,,,857
1061,,,,,,,,857
1462,,,,,,,,857
1000,,,,,,,,857
1376,,,,,,,,857
920,,,,,,,,857
1506,,,,,,,,857
1168,,,,,,,,858
1105,,,,,,,,858
957,,,,,,,,858
999,,,,,,,,858
970,,,,,,,,858
936,,,,,,,,858
1075,,,,,,,,859
808,,,,,,,,859
860,,,,,,,,859
831,,,,,,,,859
845,,,,,,,,859
866,,,,,,,,859
883,,,,,,,,859
839,,,,,,,,859
813,,,,,,,,859
951,,,,,,,,859
917,,,,,,,,859
1513,,,,,,,,860
870,,,,,,,,860
859,,,,,,,,860
844,,,,,,,,860
884,,,,,,,,860
1273,,,,,,,,860
908,,,,,,,,860
970,,,,,,,,860
1765,,,,,,,,860
1294,,,,,,,,860
806,,,,,,,,860
852,,,,,,,,860
955,,,,,,,,861
876,,,,,,,,861
887,,,,,,,,861
851,,,,,,,,861
876,,,,,,,,861
834,,,,,,,,861
784,,,,,,,,861
923,,,,,,,,862
1198,,,,,,,,862
859,,,,,,,,862
901,,,,,,,,862
889,,,,,,,,862
839,,,,,,,,862
847,,,,,,,,862
818,,,,,,,,862
784,,,,,,,,862
781,,,,,,,,863
923,,,,,,,,863
835,,,,,,,,863
788,,,,,,,,863
782,,,,,,,,863
796,,,,,,,,863
827,,,,,,,,864
832,,,,,,,,864
775,,,,,,,,864
860,,,,,,,,864
826,,,,,,,,864
946,,,,,,,,864
828,,,,,,,,865
998,,,,,,,,865
1111,,,,,,,,865
1114,,,,,,,,865
842,,,,,,,,865
1024,,,,,,,,865
990,,,,,,,,865
936,,,,,,,,865
1114,,,,,,,,866
1022,,,,,,,,866
834,,,,,,,,866
891,,,,,,,,866
827,,,,,,,,866
1190,,,,,,,,866
869,,,,,,,,866
768,,,,,,,,866
894,,,,,,,,866
864,,,,,,,,866
837,,,,,,,,866
806,,,,,,,,867
901,,,,,,,,867
1136,,,,,,,,868
943,,,,,,,,868
873,,,,,,,,868
1127,,,,,,,,868
825,,,,,,,,868
1026,,,,,,,,868
1096,,,,,,,,868
929,,,,,,,,868
1014,,,,,,,,868
992,,,,,,,,868
774,,,,,,,,869
933,,,,,,,,869
1036,,,,,,,,869
1262,,,,,,,,869
882,,,,,,,,869
945,,,,,,,,869
1016,,,,,,,,869
852,,,,,,,,869
1236,,,,,,,,869
990,,,,,,,,869
1359,,,,,,,,869
1063,,,,,,,,870
1238,,,,,,,,870
935,,,,,,,,870
893,,,,,,,,870
901,,,,,,,,870
749,,,,,,,,870
753,,,,,,,,870
882,,,,,,,,870
896,,,,,,,,871
1384,,,,,,,,871
857,,,,,,,,871
893,,,,,,,,871
849,,,,,,,,871
829,,,,,,,,872
727,,,,,,,,872
844,,,,,,,,872
754,,,,,,,,872
905,,,,,,,,873
766,,,,,,,,873
768,,,,,,,,873
874,,,,,,,,873
916,,,,,,,,873
1092,,,,,,,,873
1421,,,,,,,,873
1002,,,,,,,,873
980,,,,,,,,873
818,,,,,,,,873
820,,,,,,,,873
1092,,,,,,,,873
829,,,,,,,,873
799,,,,,,,,873
837,,,,,,,,873
883,,,,,,,,873
820,,,,,,,,873
859,,,,,,,,874
802,,,,,,,,874
822,,,,,,,,874
883,,,,,,,,875
849,,,,,,,,875
804,,,,,,,,875
844,,,,,,,,875
863,,,,,,,,875
846,,,,,,,,876
830,,,,,,,,876
801,,,,,,,,876
856,,,,,,,,876
942,,,,,,,,876
788,,,,,,,,876
822,,,,,,,,876
1008,,,,,,,,876
841,,,,,,,,876
1121,,,,,,,,876
868,,,,,,,,876
794,,,,,,,,877
897,,,,,,,,877
792,,,,,,,,877
832,,,,,,,,877
1025,,,,,,,,877
746,,,,,,,,877
778,,,,,,,,877
819,,,,,,,,877
728,,,,,,,,878
820,,,,,,,,878
846,,,,,,,,878
1229,,,,,,,,878
1227,,,,,,,,878
900,,,,,,,,878
822,,,,,,,,878
790,,,,,,,,879
856,,,,,,,,879
1044,,,,,,,,879
936,,,,,,,,879
922,,,,,,,,880
1304,,,,,,,,880
1084,,,,,,,,880
1230,,,,,,,,880
776,,,,,,,,880
874,,,,,,,,880
1062,,,,,,,,880
803,,,,,,,,880
1412,,,,,,,,880
804,,,,,,,,880
944,,,,,,,,880
870,,,,,,,,880
921,,,,,,,,880
1384,,,,,,,,881
1042,,,,,,,,881
1398,,,,,,,,881
1042,,,,,,,,881
1319,,,,,,,,881
903,,,,,,,,882
813,,,,,,,,882
902,,,,,,,,882
913,,,,,,,,882
1398,,,,,,,,883
1011,,,,,,,,883
1394,,,,,,,,883
1069,,,,,,,,883
1321,,,,,,,,883
1130,,,,,,,,883
1326,,,,,,,,883
883,,,,,,,,883
773,,,,,,,,883
819,,,,,,,,883
725,,,,,,,,883
871,,,,,,,,884
739,,,,,,,,884
838,,,,,,,,884
873,,,,,,,,884
769,,,,,,,,885
937,,,,,,,,885
767,,,,,,,,885
905,,,,,,,,885
706,,,,,,,,886
795,,,,,,,,886
796,,,,,,,,886
866,,,,,,,,886
720,,,,,,,,887
871,,,,,,,,887
792,,,,,,,,887
885,,,,,,,,887
762,,,,,,,,887
879,,,,,,,,887
780,,,,,,,,887
902,,,,,,,,887
845,,,,,,,,887
734,,,,,,,,887
776,,,,,,,,888
729,,,,,,,,888
1021,,,,,,,,888
931,,,,,,,,888
993,,,,,,,,888
1245,,,,,,,,888
919,,,,,,,,888
898,,,,,,,,889
816,,,,,,,,889
778,,,,,,,,889
792,,,,,,,,889
753,,,,,,,,889
1287,,,,,,,,889
1056,,,,,,,,889
734,,,,,,,,890
785,,,,,,,,890
941,,,,,,,,890
764,,,,,,,,890
879,,,,,,,,890
826,,,,,,,,890
1358,,,,,,,,890
1899,,,,,,,,891
1876,,,,,,,,891
919,,,,,,,,891
791,,,,,,,,891
764,,,,,,,,891
770,,,,,,,,891
953,,,,,,,,891
796,,,,,,,,892
827,,,,,,,,892
824,,,,,,,,892
835,,,,,,,,892
830,,,,,,,,892
808,,,,,,,,893
805,,,,,,,,893
873,,,,,,,,893
1218,,,,,,,,893
789,,,,,,,,893
751,,,,,,,,894
921,,,,,,,,894
850,,,,,,,,894
771,,,,,,,,894
1017,,,,,,,,894
965,,,,,,,,895
979,,,,,,,,895
1028,,,,,,,,895
742,,,,,,,,895
1037,,,,,,,,896
1000,,,,,,,,896
907,,,,,,,,896
891,,,,,,,,896
869,,,,,,,,897
1312,,,,,,,,897
827,,,,,,,,897
949,,,,,,,,898
792,,,,,,,,898
878,,,,,,,,898
766,,,,,,,,898
780,,,,,,,,898
815,,,,,,,,898
1510,,,,,,,,898
1062,,,,,,,,898
1027,,,,,,,,899
791,,,,,,,,899
750,,,,,,,,900
1329,,,,,,,,900
859,,,,,,,,900
997,,,,,,,,900
836,,,,,,,,900
965,,,,,,,,901
1257,,,,,,,,901
1028,,,,,,,,901
1330,,,,,,,,901
938,,,,,,,,901
759,,,,,,,,901
968,,,,,,,,901
1024,,,,,,,,902
1116,,,,,,,,902
799,,,,,,,,902
887,,,,,,,,902
987,,,,,,,,902
812,,,,,,,,902
1422,,,,,,,,902
930,,,,,,,,903
768,,,,,,,,903
868,,,,,,,,903
784,,,,,,,,903
838,,,,,,,,903
819,,,,,,,,903
823,,,,,,,,904
715,,,,,,,,904
853,,,,,,,,904
775,,,,,,,,904
874,,,,,,,,905
862,,,,,,,,905
898,,,,,,,,905
784,,,,,,,,905
857,,,,,,,,905
890,,,,,,,,906
1443,,,,,,,,906
889,,,,,,,,906
787,,,,,,,,906
755,,,,,,,,906
847,,,,,,,,907
748,,,,,,,,907
843,,,,,,,,907
828,,,,,,,,907
822,,,,,,,,908
798,,,,,,,,908
778,,,,,,,,908
885,,,,,,,,909
940,,,,,,,,910
790,,,,,,,,910
700,,,,,,,,910
763,,,,,,,,910
859,,,,,,,,910
971,,,,,,,,911
886,,,,,,,,911
700,,,,,,,,912
852,,,,,,,,912
865,,,,,,,,912
953,,,,,,,,912
1071,,,,,,,,912
818,,,,,,,,912
749,,,,,,,,913
1087,,,,,,,,913
1007,,,,,,,,913
1339,,,,,,,,913
795,,,,,,,,913
959,,,,,,,,913
875,,,,,,,,913
1044,,,,,,,,913
1250,,,,,,,,914
919,,,,,,,,914
956,,,,,,,,915
963,,,,,,,,916
777,,,,,,,,916
1126,,,,,,,,916
847,,,,,,,,916
753,,,,,,,,916
866,,,,,,,,917
906,,,,,,,,917
961,,,,,,,,917
1044,,,,,,,,917
1025,,,,,,,,917
1125,,,,,,,,918
895,,,,,,,,918
5515,,,,,,,,918
1757,,,,,,,,918
1486,,,,,,,,918
1644,,,,,,,,918
1553,,,,,,,,918
1204,,,,,,,,919
1098,,,,,,,,919
1146,,,,,,,,919
938,,,,,,,,919
1289,,,,,,,,919
1108,,,,,,,,919
1516,,,,,,,,920
1060,,,,,,,,920
1491,,,,,,,,920
1048,,,,,,,,920
1319,,,,,,,,920
903,,,,,,,,920
1499,,,,,,,,920
1144,,,,,,,,920
1140,,,,,,,,921
860,,,,,,,,921
939,,,,,,,,921
880,,,,,,,,921
863,,,,,,,,921
794,,,,,,,,922
801,,,,,,,,922
826,,,,,,,,922
799,,,,,,,,922
902,,,,,,,,922
949,,,,,,,,923
1251,,,,,,,,923
880,,,,,,,,923
892,,,,,,,,923
921,,,,,,,,924
919,,,,,,,,924
1559,,,,,,,,925
945,,,,,,,,925
822,,,,,,,,925
834,,,,,,,,926
859,,,,,,,,926
1274,,,,,,,,926
865,,,,,,,,926
1308,,,,,,,,926
937,,,,,,,,927
948,,,,,,,,927
918,,,,,,,,927
768,,,,,,,,928
858,,,,,,,,928
811,,,,,,,,928
801,,,,,,,,928
843,,,,,,,,928
880,,,,,,,,929
877,,,,,,,,929
796,,,,,,,,929
810,,,,,,,,929
823,,,,,,,,930
878,,,,,,,,931
880,,,,,,,,931
915,,,,,,,,931
918,,,,,,,,931
982,,,,,,,,932
819,,,,,,,,932
1081,,,,,,,,932
748,,,,,,,,932
775,,,,,,,,933
967,,,,,,,,933
957,,,,,,,,934
804,,,,,,,,934
759,,,,,,,,934
858,,,,,,,,935
871,,,,,,,,935
812,,,,,,,,935
800,,,,,,,,935
799,,,,,,,,936
824,,,,,,,,936
913,,,,,,,,936
912,,,,,,,,936
994,,,,,,,,936
1103,,,,,,,,937
1126,,,,,,,,937
841,,,,,,,,937
1026,,,,,,,,937
991,,,,,,,,938
918,,,,,,,,938
1129,,,,,,,,938
1022,,,,,,,,938
826,,,,,,,,938
837,,,,,,,,939
783,,,,,,,,939
862,,,,,,,,939
875,,,,,,,,939
832,,,,,,,,939
1199,,,,,,,,939
840,,,,,,,,940
829,,,,,,,,940
860,,,,,,,,940
948,,,,,,,,940
1130,,,,,,,,941
894,,,,,,,,941
961,,,,,,,,941
1046,,,,,,,,941
777,,,,,,,,941
1119,,,,,,,,941
1095,,,,,,,,941
870,,,,,,,,941
1083,,,,,,,,941
997,,,,,,,,942
850,,,,,,,,942
832,,,,,,,,942
1015,,,,,,,,942
1282,,,,,,,,942
899,,,,,,,,943
937,,,,,,,,943
1021,,,,,,,,943
884,,,,,,,,943
1168,,,,,,,,943
1022,,,,,,,,943
1367,,,,,,,,944
1059,,,,,,,,945
1259,,,,,,,,945
961,,,,,,,,945
835,,,,,,,,945
869,,,,,,,,945
793,,,,,,,,945
758,,,,,,,,946
855,,,,,,,,946
876,,,,,,,,947
1432,,,,,,,,948
969,,,,,,,,948
906,,,,,,,,948
778,,,,,,,,948
840,,,,,,,,948
724,,,,,,,,948
794,,,,,,,,949
802,,,,,,,,949
902,,,,,,,,949
774,,,,,,,,949
779,,,,,,,,950
799,,,,,,,,950
928,,,,,,,,950
1067,,,,,,,,950
1443,,,,,,,,950
990,,,,,,,,951
1260,,,,,,,,951
859,,,,,,,,951
901,,,,,,,,951
811,,,,,,,,951
815,,,,,,,,952
732,,,,,,,,952
826,,,,,,,,952
929,,,,,,,,953
785,,,,,,,,953
813,,,,,,,,953
828,,,,,,,,953
750,,,,,,,,953
811,,,,,,,,953
883,,,,,,,,953
750,,,,,,,,953
835,,,,,,,,953
849,,,,,,,,954
870,,,,,,,,954
858,,,,,,,,954
815,,,,,,,,955
876,,,,,,,,955
878,,,,,,,,955
821,,,,,,,,955
842,,,,,,,,955
934,,,,,,,,955
826,,,,,,,,956
868,,,,,,,,956
802,,,,,,,,957
772,,,,,,,,957
833,,,,,,,,957
877,,,,,,,,958
725,,,,,,,,958
791,,,,,,,,958
1068,,,,,,,,959
764,,,,,,,,959
724,,,,,,,,959
862,,,,,,,,960
778,,,,,,,,960
873,,,,,,,,960
876,,,,,,,,961
833,,,,,,,,961
1250,,,,,,,,961
853,,,,,,,,961
903,,,,,,,,961
765,,,,,,,,961
847,,,,,,,,961
1121,,,,,,,,961
918,,,,,,,,962
799,,,,,,,,962
1356,,,,,,,,962
1066,,,,,,,,963
1260,,,,,,,,963
813,,,,,,,,963
962,,,,,,,,964
950,,,,,,,,964
843,,,,,,,,964
1344,,,,,,,,965
790,,,,,,,,965
981,,,,,,,,965
897,,,,,,,,965
833,,,,,,,,966
1427,,,,,,,,966
1127,,,,,,,,966
1326,,,,,,,,966
1037,,,,,,,,966
1316,,,,,,,,967
962,,,,,,,,967
838,,,,,,,,967
894,,,,,,,,968
833,,,,,,,,968
1391,,,,,,,,968
1034,,,,,,,,968
1385,,,,,,,,969
1070,,,,,,,,970
1313,,,,,,,,970
1344,,,,,,,,971
1107,,,,,,,,971
781,,,,,,,,971
806,,,,,,,,972
790,,,,,,,,972
798,,,,,,,,973
869,,,,,,,,974
768,,,,,,,,975
840,,,,,,,,976
880,,,,,,,,976
789,,,,,,,,977
880,,,,,,,,979
759,,,,,,,,979
906,,,,,,,,979
722,,,,,,,,979
760,,,,,,,,980
842,,,,,,,,981
866,,,,,,,,982
731,,,,,,,,982
854,,,,,,,,983
793,,,,,,,,986
861,,,,,,,,987
808,,,,,,,,987
887,,,,,,,,988
769,,,,,,,,988
815,,,,,,,,988
782,,,,,,,,990
753,,,,,,,,990
849,,,,,,,,990
763,,,,,,,,991
1028,,,,,,,,991
960,,,,,,,,992
977,,,,,,,,992
1250,,,,,,,,992
913,,,,,,,,992
949,,,,,,,,992
828,,,,,,,,993
793,,,,,,,,993
783,,,,,,,,993
782,,,,,,,,993
857,,,,,,,,993
809,,,,,,,,994
783,,,,,,,,994
792,,,,,,,,995
837,,,,,,,,995
797,,,,,,,,995
869,,,,,,,,997
820,,,,,,,,997
724,,,,,,,,997
1263,,,,,,,,997
1886,,,,,,,,997
1816,,,,,,,,997
955,,,,,,,,998
1322,,,,,,,,998
809,,,,,,,,999
736,,,,,,,,1000
917,,,,,,,,1000
951,,,,,,,,1001
821,,,,,,,,1001
867,,,,,,,,1001
800,,,,,,,,1002
806,,,,,,,,1002
738,,,,,,,,1002
831,,,,,,,,1002
880,,,,,,,,1003
817,,,,,,,,1006
747,,,,,,,,1006
844,,,,,,,,1007
773,,,,,,,,1008
885,,,,,,,,1008
670,,,,,,,,1008
1032,,,,,,,,1009
920,,,,,,,,1009
993,,,,,,,,1010
1021,,,,,,,,1010
745,,,,,,,,1010
1025,,,,,,,,1011
997,,,,,,,,1011
923,,,,,,,,1011
893,,,,,,,,1011
945,,,,,,,,1012
1229,,,,,,,,1012
804,,,,,,,,1013
943,,,,,,,,1013
768,,,,,,,,1014
793,,,,,,,,1014
830,,,,,,,,1015
826,,,,,,,,1015
844,,,,,,,,1015
1528,,,,,,,,1016
1059,,,,,,,,1016
1017,,,,,,,,1016
807,,,,,,,,1016
738,,,,,,,,1016
1318,,,,,,,,1017
847,,,,,,,,1017
1018,,,,,,,,1017
868,,,,,,,,1018
885,,,,,,,,1019
1303,,,,,,,,1019
1126,,,,,,,,1020
1223,,,,,,,,1020
939,,,,,,,,1020
762,,,,,,,,1021
955,,,,,,,,1021
1041,,,,,,,,1021
1116,,,,,,,,1021
809,,,,,,,,1021
902,,,,,,,,1022
966,,,,,,,,1022
780,,,,,,,,1022
1459,,,,,,,,1022
922,,,,,,,,1023
882,,,,,,,,1023
914,,,,,,,,1024
742,,,,,,,,1024
800,,,,,,,,1024
795,,,,,,,,1025
800,,,,,,,,1025
760,,,,,,,,1025
840,,,,,,,,1025
759,,,,,,,,1026
863,,,,,,,,1026
847,,,,,,,,1026
865,,,,,,,,1026
776,,,,,,,,1027
883,,,,,,,,1027
876,,,,,,,,1027
1403,,,,,,,,1028
941,,,,,,,,1028
807,,,,,,,,1028
719,,,,,,,,1029
858,,,,,,,,1031
716,,,,,,,,1031
873,,,,,,,,1032
827,,,,,,,,1032
817,,,,,,,,1032
789,,,,,,,,1033
842,,,,,,,,1034
821,,,,,,,,1034
922,,,,,,,,1034
774,,,,,,,,1034
709,,,,,,,,1034
812,,,,,,,,1036
854,,,,,,,,1037
964,,,,,,,,1037
887,,,,,,,,1037
711,,,,,,,,1038
839,,,,,,,,1038
862,,,,,,,,1039
948,,,,,,,,1040
1073,,,,,,,,1041
725,,,,,,,,1042
739,,,,,,,,1042
1176,,,,,,,,1043
1029,,,,,,,,1043
1333,,,,,,,,1044
799,,,,,,,,1044
870,,,,,,,,1044
892,,,,,,,,1044
1119,,,,,,,,1046
1236,,,,,,,,1046
912,,,,,,,,1046
939,,,,,,,,1046
1009,,,,,,,,1046
824,,,,,,,,1047
1069,,,,,,,,1048
763,,,,,,,,1048
756,,,,,,,,1050
968,,,,,,,,1051
886,,,,,,,,1051
954,,,,,,,,1052
1053,,,,,,,,1052
1106,,,,,,,,1053
1047,,,,,,,,1054
890,,,,,,,,1054
5487,,,,,,,,1055
1520,,,,,,,,1055
1478,,,,,,,,1056
1886,,,,,,,,1056
1625,,,,,,,,1056
1111,,,,,,,,1057
1168,,,,,,,,1057
1140,,,,,,,,1058
925,,,,,,,,1059
1275,,,,,,,,1059
1134,,,,,,,,1059
1496,,,,,,,,1060
1082,,,,,,,,1061
1452,,,,,,,,1062
1066,,,,,,,,1062
1332,,,,,,,,1062
953,,,,,,,,1063
1462,,,,,,,,1063
1114,,,,,,,,1064
1140,,,,,,,,1066
943,,,,,,,,1066
972,,,,,,,,1067
997,,,,,,,,1067
926,,,,,,,,1068
1091,,,,,,,,1068
808,,,,,,,,1069
941,,,,,,,,1069
961,,,,,,,,1069
890,,,,,,,,1070
1328,,,,,,,,1070
913,,,,,,,,1071
891,,,,,,,,1072
979,,,,,,,,1073
872,,,,,,,,1073
1527,,,,,,,,1075
958,,,,,,,,1075
799,,,,,,,,1075
847,,,,,,,,1077
916,,,,,,,,1078
1227,,,,,,,,1080
895,,,,,,,,1080
1290,,,,,,,,1080
968,,,,,,,,1081
913,,,,,,,,1081
965,,,,,,,,1082
780,,,,,,,,1082
898,,,,,,,,1083
861,,,,,,,,1083
823,,,,,,,,1084
931,,,,,,,,1084
868,,,,,,,,1084
835,,,,,,,,1084
828,,,,,,,,1085
775,,,,,,,,1085
932,,,,,,,,1085
1211,,,,,,,,1085
795,,,,,,,,1085
863,,,,,,,,1086
922,,,,,,,,1086
866,,,,,,,,1087
825,,,,,,,,1087
848,,,,,,,,1087
789,,,,,,,,1091
798,,,,,,,,1092
940,,,,,,,,1092
1314,,,,,,,,1093
926,,,,,,,,1093
837,,,,,,,,1095
810,,,,,,,,1095
850,,,,,,,,1096
846,,,,,,,,1097
812,,,,,,,,1098
866,,,,,,,,1099
939,,,,,,,,1102
878,,,,,,,,1103
1006,,,,,,,,1103
1114,,,,,,,,1105
1130,,,,,,,,1105
829,,,,,,,,1106
1024,,,,,,,,1106
993,,,,,,,,1107
904,,,,,,,,1107
1146,,,,,,,,1107
926,,,,,,,,1108
839,,,,,,,,1108
869,,,,,,,,1108
842,,,,,,,,1111
1295,,,,,,,,1111
876,,,,,,,,1114
854,,,,,,,,1114
843,,,,,,,,1114
815,,,,,,,,1114
836,,,,,,,,1116
819,,,,,,,,1116
891,,,,,,,,1116
1127,,,,,,,,1119
912,,,,,,,,1119
966,,,,,,,,1119
1073,,,,,,,,1120
831,,,,,,,,1120
1027,,,,,,,,1121
1081,,,,,,,,1121
880,,,,,,,,1121
1083,,,,,,,,1122
1003,,,,,,,,1122
779,,,,,,,,1124
895,,,,,,,,1125
1046,,,,,,,,1125
1260,,,,,,,,1126
876,,,,,,,,1126
953,,,,,,,,1126
1021,,,,,,,,1126
843,,,,,,,,1127
1292,,,,,,,,1127
986,,,,,,,,1127
1313,,,,,,,,1127
1062,,,,,,,,1129
1238,,,,,,,,1130
909,,,,,,,,1130
912,,,,,,,,1130
884,,,,,,,,1130
878,,,,,,,,1130
752,,,,,,,,1132
812,,,,,,,,1133
865,,,,,,,,1134
1388,,,,,,,,1134
975,,,,,,,,1136
918,,,,,,,,1137
798,,,,,,,,1139
833,,,,,,,,1140
734,,,,,,,,1140
835,,,,,,,,1140
877,,,,,,,,1140
851,,,,,,,,1142
736,,,,,,,,1144
757,,,,,,,,1146
812,,,,,,,,1146
872,,,,,,,,1146
1069,,,,,,,,1153
1433,,,,,,,,1163
1010,,,,,,,,1165
1251,,,,,,,,1168
877,,,,,,,,1168
910,,,,,,,,1168
824,,,,,,,,1168
910,,,,,,,,1176
846,,,,,,,,1177
890,,,,,,,,1178
951,,,,,,,,1188
1197,,,,,,,,1190
900,,,,,,,,1192
860,,,,,,,,1194
833,,,,,,,,1197
834,,,,,,,,1197
823,,,,,,,,1198
832,,,,,,,,1199
860,,,,,,,,1200
922,,,,,,,,1201
777,,,,,,,,1201
815,,,,,,,,1204
890,,,,,,,,1209
928,,,,,,,,1210
798,,,,,,,,1211
803,,,,,,,,1211
974,,,,,,,,1218
861,,,,,,,,1221
1085,,,,,,,,1221
835,,,,,,,,1223
819,,,,,,,,1224
904,,,,,,,,1227
783,,,,,,,,1227
855,,,,,,,,1227
1058,,,,,,,,1229
740,,,,,,,,1229
762,,,,,,,,1229
827,,,,,,,,1230
729,,,,,,,,1230
835,,,,,,,,1230
800,,,,,,,,1232
806,,,,,,,,1234
886,,,,,,,,1234
992,,,,,,,,1236
819,,,,,,,,1236
802,,,,,,,,1238
765,,,,,,,,1238
812,,,,,,,,1244
1054,,,,,,,,1245
869,,,,,,,,1248
834,,,,,,,,1248
1368,,,,,,,,1248
1016,,,,,,,,1250
1404,,,,,,,,1250
790,,,,,,,,1250
883,,,,,,,,1250
952,,,,,,,,1250
824,,,,,,,,1250
1379,,,,,,,,1251
801,,,,,,,,1251
988,,,,,,,,1253
939,,,,,,,,1254
852,,,,,,,,1254
1354,,,,,,,,1257
1108,,,,,,,,1257
1333,,,,,,,,1259
1034,,,,,,,,1260
1319,,,,,,,,1260
905,,,,,,,,1260
816,,,,,,,,1260
887,,,,,,,,1262
935,,,,,,,,1263
1376,,,,,,,,1263
1022,,,,,,,,1265
1409,,,,,,,,1273
1054,,,,,,,,1274
1323,,,,,,,,1275
1177,,,,,,,,1280
1280,,,,,,,,1281
873,,,,,,,,1282
726,,,,,,,,1285
820,,,,,,,,1285
779,,,,,,,,1287
761,,,,,,,,1288
789,,,,,,,,1289
888,,,,,,,,1289
887,,,,,,,,1290
794,,,,,,,,1292
906,,,,,,,,1294
768,,,,,,,,1294
902,,,,,,,,1295
713,,,,,,,,1295
760,,,,,,,,1297
821,,,,,,,,1300
881,,,,,,,,1302
733,,,,,,,,1303
837,,,,,,,,1304
827,,,,,,,,1304
847,,,,,,,,1305
777,,,,,,,,1305
889,,,,,,,,1308
877,,,,,,,,1309
812,,,,,,,,1312
829,,,,,,,,1312
707,,,,,,,,1312
743,,,,,,,,1313
756,,,,,,,,1313
1052,,,,,,,,1313
942,,,,,,,,1314
976,,,,,,,,1316
1250,,,,,,,,1318
941,,,,,,,,1319
920,,,,,,,,1319
823,,,,,,,,1319
822,,,,,,,,1319
772,,,,,,,,1321
786,,,,,,,,1321
841,,,,,,,,1322
828,,,,,,,,1322
843,,,,,,,,1323
737,,,,,,,,1323
825,,,,,,,,1324
781,,,,,,,,1325
870,,,,,,,,1326
784,,,,,,,,1326
719,,,,,,,,1326
1294,,,,,,,,1328
2080,,,,,,,,1329
1635,,,,,,,,1329
955,,,,,,,,1330
1313,,,,,,,,1330
796,,,,,,,,1332
799,,,,,,,,1332
883,,,,,,,,1333
938,,,,,,,,1333
840,,,,,,,,1334
854,,,,,,,,1339
789,,,,,,,,1344
790,,,,,,,,1344
743,,,,,,,,1345
803,,,,,,,,1346
900,,,,,,,,1348
855,,,,,,,,1353
806,,,,,,,,1354
816,,,,,,,,1354
778,,,,,,,,1355
825,,,,,,,,1356
768,,,,,,,,1357
917,,,,,,,,1358
953,,,,,,,,1359
1002,,,,,,,,1362
1009,,,,,,,,1367
749,,,,,,,,1368
1048,,,,,,,,1369
959,,,,,,,,1372
932,,,,,,,,1376
859,,,,,,,,1376
982,,,,,,,,1378
1221,,,,,,,,1379
830,,,,,,,,1383
956,,,,,,,,1384
821,,,,,,,,1384
854,,,,,,,,1385
747,,,,,,,,1386
826,,,,,,,,1388
784,,,,,,,,1391
1498,,,,,,,,1394
1085,,,,,,,,1394
1077,,,,,,,,1396
812,,,,,,,,1397
740,,,,,,,,1398
1281,,,,,,,,1398
820,,,,,,,,1398
1011,,,,,,,,1403
880,,,,,,,,1404
1002,,,,,,,,1409
1188,,,,,,,,1412
1006,,,,,,,,1419
1329,,,,,,,,1420
941,,,,,,,,1421
770,,,,,,,,1422
942,,,,,,,,1422
1046,,,,,,,,1423
1119,,,,,,,,1423
824,,,,,,,,1424
864,,,,,,,,1427
983,,,,,,,,1432
785,,,,,,,,1433
1467,,,,,,,,1435
925,,,,,,,,1442
879,,,,,,,,1443
932,,,,,,,,1443
704,,,,,,,,1447
802,,,,,,,,1452
765,,,,,,,,1459
844,,,,,,,,1462
745,,,,,,,,1462
873,,,,,,,,1464
764,,,,,,,,1467
829,,,,,,,,1478
839,,,,,,,,1483
880,,,,,,,,1486
776,,,,,,,,1487
866,,,,,,,,1488
872,,,,,,,,1491
1422,,,,,,,,1493
941,,,,,,,,1496
817,,,,,,,,1497
764,,,,,,,,1498
849,,,,,,,,1499
776,,,,,,,,1502
840,,,,,,,,1504
802,,,,,,,,1506
800,,,,,,,,1510
777,,,,,,,,1513
787,,,,,,,,1516
860,,,,,,,,1516
917,,,,,,,,1516
792,,,,,,,,1520
723,,,,,,,,1527
841,,,,,,,,1528
806,,,,,,,,1534
953,,,,,,,,1553
900,,,,,,,,1559
697,,,,,,,,1579
842,,,,,,,,1591
855,,,,,,,,1598
941,,,,,,,,1603
1085,,,,,,,,1616
828,,,,,,,,1625
775,,,,,,,,1629
1039,,,,,,,,1635
1027,,,,,,,,1644
1324,,,,,,,,1700
865,,,,,,,,1750
919,,,,,,,,1757
822,,,,,,,,1765
1103,,,,,,,,1779
1229,,,,,,,,1816
908,,,,,,,,1827
968,,,,,,,,1864
963,,,,,,,,1876
997,,,,,,,,1886
957,,,,,,,,1886
824,,,,,,,,1896
751,,,,,,,,1899
847,,,,,,,,2073
898,,,,,,,,2080
964,,,,,,,,5487
1043,,,,,,,,5490
1122,,,,,,,,5495
1031,,,,,,,,5510
890,,,,,,,,5515